Workbook

Sheet 總覽
A1: 派網 USDT 交易對 動能策略回測總覽
A2: 回測區間：2026-09-01 00:00 ~ 2026-10-07 22:02（Dry Run）（台北時間）；市場：PERP；勝率 = 止盈筆數 ÷ 已平倉筆數；正報酬比例 = 報酬 > 0 的筆數 ÷ 已平倉（含時間出場）
A4: 方向 | B4: 總筆數 | C4: 已平倉 | D4: 止盈 | E4: 止損 | F4: 時間出場 | G4: 未平倉 | H4: 勝率 | I4: 盈虧平衡勝率 | J4: 平均報酬/筆 | K4: 累計報酬(單利加總) | L4: 平均持倉h | M4: 止盈平均持倉h | N4: 止損平均持倉h | O4: 時間出場平均報酬 | P4: 正報酬比例
A5: 全部 | B5: =COUNTIFS(交易明細!$B$2:$B$73,"<>") | C5: =D5+E5+F5 | D5: =COUNTIFS(交易明細!$J$2:$J$73,"止盈") | E5: =COUNTIFS(交易明細!$J$2:$J$73,"止損") | F5: =COUNTIFS(交易明細!$J$2:$J$73,"時間出場") | G5: =COUNTIFS(交易明細!$J$2:$J$73,"未平倉") | H5: =IFERROR(D5/C5,0) | I5: =IFERROR(AVERAGEIFS(交易明細!$AC$2:$AC$73,交易明細!$J$2:$J$73,"<>未平倉"),參數!$B$16) | J5: =IFERROR(AVERAGEIFS(交易明細!$L$2:$L$73,交易明細!$J$2:$J$73,"<>未平倉"),0) | K5: =SUMIFS(交易明細!$L$2:$L$73,交易明細!$J$2:$J$73,"<>未平倉") | L5: =IFERROR(AVERAGEIFS(交易明細!$K$2:$K$73,交易明細!$J$2:$J$73,"<>未平倉"),0) | M5: =IFERROR(AVERAGEIFS(交易明細!$K$2:$K$73,交易明細!$J$2:$J$73,"止盈"),0) | N5: =IFERROR(AVERAGEIFS(交易明細!$K$2:$K$73,交易明細!$J$2:$J$73,"止損"),0) | O5: =IFERROR(AVERAGEIFS(交易明細!$L$2:$L$73,交易明細!$J$2:$J$73,"時間出場"),0) | P5: =IFERROR(COUNTIFS(交易明細!$J$2:$J$73,"<>未平倉",交易明細!$L$2:$L$73,">0")/C5,0)
A6: 做多 | B6: =COUNTIFS(交易明細!$C$2:$C$73,"做多",交易明細!$B$2:$B$73,"<>") | C6: =D6+E6+F6 | D6: =COUNTIFS(交易明細!$C$2:$C$73,"做多",交易明細!$J$2:$J$73,"止盈") | E6: =COUNTIFS(交易明細!$C$2:$C$73,"做多",交易明細!$J$2:$J$73,"止損") | F6: =COUNTIFS(交易明細!$C$2:$C$73,"做多",交易明細!$J$2:$J$73,"時間出場") | G6: =COUNTIFS(交易明細!$C$2:$C$73,"做多",交易明細!$J$2:$J$73,"未平倉") | H6: =IFERROR(D6/C6,0) | I6: =IFERROR(AVERAGEIFS(交易明細!$AC$2:$AC$73,交易明細!$C$2:$C$73,"做多",交易明細!$J$2:$J$73,"<>未平倉"),參數!$B$16) | J6: =IFERROR(AVERAGEIFS(交易明細!$L$2:$L$73,交易明細!$C$2:$C$73,"做多",交易明細!$J$2:$J$73,"<>未平倉"),0) | K6: =SUMIFS(交易明細!$L$2:$L$73,交易明細!$C$2:$C$73,"做多",交易明細!$J$2:$J$73,"<>未平倉") | L6: =IFERROR(AVERAGEIFS(交易明細!$K$2:$K$73,交易明細!$C$2:$C$73,"做多",交易明細!$J$2:$J$73,"<>未平倉"),0) | M6: =IFERROR(AVERAGEIFS(交易明細!$K$2:$K$73,交易明細!$C$2:$C$73,"做多",交易明細!$J$2:$J$73,"止盈"),0) | N6: =IFERROR(AVERAGEIFS(交易明細!$K$2:$K$73,交易明細!$C$2:$C$73,"做多",交易明細!$J$2:$J$73,"止損"),0) | O6: =IFERROR(AVERAGEIFS(交易明細!$L$2:$L$73,交易明細!$C$2:$C$73,"做多",交易明細!$J$2:$J$73,"時間出場"),0) | P6: =IFERROR(COUNTIFS(交易明細!$C$2:$C$73,"做多",交易明細!$J$2:$J$73,"<>未平倉",交易明細!$L$2:$L$73,">0")/C6,0)
A7: 做空 | B7: =COUNTIFS(交易明細!$C$2:$C$73,"做空",交易明細!$B$2:$B$73,"<>") | C7: =D7+E7+F7 | D7: =COUNTIFS(交易明細!$C$2:$C$73,"做空",交易明細!$J$2:$J$73,"止盈") | E7: =COUNTIFS(交易明細!$C$2:$C$73,"做空",交易明細!$J$2:$J$73,"止損") | F7: =COUNTIFS(交易明細!$C$2:$C$73,"做空",交易明細!$J$2:$J$73,"時間出場") | G7: =COUNTIFS(交易明細!$C$2:$C$73,"做空",交易明細!$J$2:$J$73,"未平倉") | H7: =IFERROR(D7/C7,0) | I7: =IFERROR(AVERAGEIFS(交易明細!$AC$2:$AC$73,交易明細!$C$2:$C$73,"做空",交易明細!$J$2:$J$73,"<>未平倉"),參數!$B$16) | J7: =IFERROR(AVERAGEIFS(交易明細!$L$2:$L$73,交易明細!$C$2:$C$73,"做空",交易明細!$J$2:$J$73,"<>未平倉"),0) | K7: =SUMIFS(交易明細!$L$2:$L$73,交易明細!$C$2:$C$73,"做空",交易明細!$J$2:$J$73,"<>未平倉") | L7: =IFERROR(AVERAGEIFS(交易明細!$K$2:$K$73,交易明細!$C$2:$C$73,"做空",交易明細!$J$2:$J$73,"<>未平倉"),0) | M7: =IFERROR(AVERAGEIFS(交易明細!$K$2:$K$73,交易明細!$C$2:$C$73,"做空",交易明細!$J$2:$J$73,"止盈"),0) | N7: =IFERROR(AVERAGEIFS(交易明細!$K$2:$K$73,交易明細!$C$2:$C$73,"做空",交易明細!$J$2:$J$73,"止損"),0) | O7: =IFERROR(AVERAGEIFS(交易明細!$L$2:$L$73,交易明細!$C$2:$C$73,"做空",交易明細!$J$2:$J$73,"時間出場"),0) | P7: =IFERROR(COUNTIFS(交易明細!$C$2:$C$73,"做空",交易明細!$J$2:$J$73,"<>未平倉",交易明細!$L$2:$L$73,">0")/C7,0)
A9: 說明
A10: ・持倉時間以主K棒為精度（觸價當根收盤計）；同根雙觸發時改用更小週期K棒判定。
A11: ・止盈以止盈價成交；止損若遇開盤跳空穿越，以開盤價成交（較保守）。
A12: ・同一根1h同時碰到止盈與止損時，依參數頁設定判斷（見交易明細『判定說明』）。
A13: ・只含目前仍上架的交易對，已下架幣種不在內（存活者偏差，實際表現可能較差）。
A14: ・可在『參數』頁修改手續費，報酬率欄位會自動重算。

Sheet 運行紀錄
A1: 執行時間(台北) | B1: 最新K棒(開盤時間) | C1: 交易對數 | D1: 新開倉 | E1: 新平倉 | F1: 錯誤數 | G1: 耗時(秒)
A2: 46302.919 | B2: 46302.917 | C2: 434 | D2: 0 | E2: 0 | F2: 0 | G2: 195.1
A3: 46302.637 | B3: 46302.636 | C3: 434 | D3: 0 | E3: 0 | F3: 0 | G3: 149.8
A4: 46302.366 | B4: 46302.365 | C4: 434 | D4: 1 | E4: 1 | F4: 0 | G4: 187.2
A5: 46302.183 | B5: 46302.183 | C5: 434 | D5: 1 | E5: 1 | F5: 0 | G5: 143.5
A6: 46301.97 | B6: 46301.969 | C6: 434 | D6: 0 | E6: 0 | F6: 0 | G6: 153.4
A7: 46301.811 | B7: 46301.81 | C7: 434 | D7: 3 | E7: 4 | F7: 0 | G7: 163.5
A8: 46301.651 | B8: 46301.65 | C8: 434 | D8: 3 | E8: 3 | F8: 0 | G8: 163.9
A9: 46301.369 | B9: 46301.368 | C9: 434 | D9: 0 | E9: 0 | F9: 0 | G9: 163.9
A10: 46301.106 | B10: 46301.105 | C10: 434 | D10: 2 | E10: 1 | F10: 0 | G10: 185.1
A11: 46300.943 | B11: 46300.942 | C11: 434 | D11: 1 | E11: 2 | F11: 0 | G11: 178.3
A12: 46300.716 | B12: 46300.715 | C12: 434 | D12: 1 | E12: 0 | F12: 0 | G12: 191.4
A13: 46300.421 | B13: 46300.42 | C13: 435 | D13: 0 | E13: 1 | F13: 0 | G13: 186
... A201: 46280.3 | B201: 46280.25 | C201: 442 | D201: 0 | E201: 0 | F201: 0 | G201: 51.6

Sheet 資金模擬
A1: 資金模擬：依訊號時間順序下單
A2: 藍字黃底的參數可直接修改，整份模擬會自動重算
A3: 參數 | D3: 績效摘要
A4: 初始本金 | B4: 100 | D4: 最終本金（已實現） | E4: =資金明細!R146
A5: 下單比例 | B5: 0.02 | D5: 總報酬率 | E5: =E4/B4-1
A6: 本金更新級距 | B6: 50 | D6: 最高本金 | E6: =MAX(資金明細!$R$2:$R$146)
A7: 槓桿倍數 | B7: 50 | D7: 最低本金 | E7: =MIN(資金明細!$R$2:$R$146)
A8: 單邊手續費 | B8: =參數!B7 | D8: 最大回撤 | E8: =MIN(資金明細!$X$2:$X$146)
A9: 下單基準模式 | B9: 2 | D9: 已下單筆數 | E9: =COUNTIFS(資金明細!$C$2:$C$146,"進場",資金明細!$N$2:$N$146,"已下單")
A10: 停止交易門檻 | B10: 0 | D10: 資金不足略過 | E10: =COUNTIFS(資金明細!$C$2:$C$146,"進場",資金明細!$N$2:$N$146,"資金不足略過")
D11: 止盈筆數 | E11: =COUNTIFS(資金明細!$C$2:$C$146,"出場",資金明細!$N$2:$N$146,"已下單",資金明細!$K$2:$K$146,"止盈")
A12: 每筆止損約虧本金 | B12: =B5*B7*IFERROR(AVERAGE(交易明細!$AB$2:$AB$73),參數!B6) | D12: 止損筆數 | E12: =COUNTIFS(資金明細!$C$2:$C$146,"出場",資金明細!$N$2:$N$146,"已下單",資金明細!$K$2:$K$146,"止損")
A13: （以全倉、本金=基準本金計；模式1在本金回落時實際比例會更高） | D13: 勝率 | E13: =IFERROR(E11/COUNTIFS(資金明細!$C$2:$C$146,"出場",資金明細!$N$2:$N$146,"已下單"),0)
A14: 下單基準模式：1=不回滾（原規則） 2=即時本金 | D14: 最大同時持倉 | E14: =MAX(資金明細!$U$2:$U$146)
A15: 停止交易門檻：本金 ≤ 此值即停止開新倉 | D15: 最大占用保證金 | E15: =MAX(資金明細!$S$2:$S$146)
D16: 期末下單金額 | E16: =B5*資金明細!V146
D17: 未平倉浮動損益（未計入） | E17: =0
D18: 最大總曝險倍數 | E18: =MAX(資金明細!$Y$2:$Y$146)
D19: 當時全部止損約虧本金 | E19: =E18*參數!B6
D20: 停止交易時間 | E20: =IFERROR(INDEX(資金明細!$B$2:$B$146,MATCH(1,資金明細!$Z$2:$Z$146,0)),"未觸發")
D21: 停止後略過筆數 | E21: =COUNTIFS(資金明細!$C$2:$C$146,"進場",資金明細!$N$2:$N$146,"已停止")
A23: 規則說明
A24: ・下單金額 = 下單基準本金 × 下單比例。模式1：基準本金 = 本金曾達到的最高『級距倍數』（不回滾）；模式2：基準本金 = 當下本金。
A25: ・本金 ≤ 停止交易門檻後不再開新倉（已持有的單照常結算），避免模擬出現本金歸零後又『復活』的情況。
A26: ・剩餘本金 = 已實現本金（只在出場時結算）；可用資金 = 剩餘本金 − 占用保證金，不足下單金額時略過該訊號。
A27: ・同一時間點先處理出場再處理進場；報酬率已含進出場手續費。
A28: ・以全倉模式計算：總曝險倍數 = 所有持倉部位合計 ÷ 本金；未模擬持倉中的浮動虧損與維持保證金。
A29: ・回測結束仍持倉的交易不計入最終本金，浮動損益另列。

Sheet 資金明細
A1: 序號 | B1: 時間 | C1: 種類 | D1: 交易編號 | E1: 交易對 | F1: 方向 | G1: 開倉價 | H1: 止盈價 | I1: 止損價 | J1: 出場價 | K1: 結果 | L1: 持倉小時 | M1: 下單金額 | N1: 狀態 | O1: 部位大小 | P1: 報酬率(含費) | Q1: 損益 | R1: 剩餘本金 | S1: 占用保證金 | T1: 可用資金 | U1: 持倉數 | V1: 下單基準本金 | W1: 最高本金 | X1: 回撤 | Y1: 總曝險倍數 | Z1: 已停止
A2: 0 | C2: 起始 | Q2: 0 | R2: =資金模擬!$B$4 | S2: 0 | T2: =R2-S2 | U2: 0 | V2: =資金模擬!$B$4 | W2: =R2 | X2: 0 | Y2: 0 | Z2: 0
A3: 1 | B3: 46289.595 | C3: 進場 | D3: 1 | E3: NOM_USDT_PERP | F3: 做空 | G3: 0.002779 | H3: 0.00269563 | I3: 0.00291795 | M3: =資金模擬!$B$5*V2 | N3: =IF(Z2=1,"已停止",IF(T2>=M3,"已下單","資金不足略過")) | O3: =IF(N3="已下單",M3*資金模擬!$B$7,0) | Q3: 0 | R3: =R2+Q3 | S3: =S2+IF(N3="已下單",M3,0) | T3: =R3-S3 | U3: =U2+IF(N3="已下單",1,0) | V3: =IF(資金模擬!$B$9=2,MAX(R3,0),MAX(V2,FLOOR(MAX(R3,0),資金模擬!$B$6))) | W3: =MAX(W2,R3) | X3: =IF(W3>0,R3/W3-1,-1) | Y3: =IF(R3>0,S3*資金模擬!$B$7/R3,0) | Z3: =IF(OR(Z2=1,R3<=資金模擬!$B$10),1,0)
A4: 2 | B4: 46289.6 | C4: 出場 | D4: 1 | E4: NOM_USDT_PERP | F4: 做空 | G4: 0.002779 | H4: 0.00269563 | I4: 0.00291795 | J4: 0.00269563 | K4: 止盈 | L4: =交易明細!K2 | M4: =M3 | N4: =N3 | O4: =O3 | P4: =交易明細!L2 | Q4: =IF(N4="已下單",O4*P4,0) | R4: =R3+Q4 | S4: =S3-IF(N4="已下單",M4,0) | T4: =R4-S4 | U4: =U3-IF(N4="已下單",1,0) | V4: =IF(資金模擬!$B$9=2,MAX(R4,0),MAX(V3,FLOOR(MAX(R4,0),資金模擬!$B$6))) | W4: =MAX(W3,R4) | X4: =IF(W4>0,R4/W4-1,-1) | Y4: =IF(R4>0,S4*資金模擬!$B$7/R4,0) | Z4: =IF(OR(Z3=1,R4<=資金模擬!$B$10),1,0)
A5: 3 | B5: 46289.8 | C5: 進場 | D5: 2 | E5: BROCCOLI_USDT_PERP | F5: 做空 | G5: 0.02867 | H5: 0.0278099 | I5: 0.0301035 | M5: =資金模擬!$B$5*V4 | N5: =IF(Z4=1,"已停止",IF(T4>=M5,"已下單","資金不足略過")) | O5: =IF(N5="已下單",M5*資金模擬!$B$7,0) | Q5: 0 | R5: =R4+Q5 | S5: =S4+IF(N5="已下單",M5,0) | T5: =R5-S5 | U5: =U4+IF(N5="已下單",1,0) | V5: =IF(資金模擬!$B$9=2,MAX(R5,0),MAX(V4,FLOOR(MAX(R5,0),資金模擬!$B$6))) | W5: =MAX(W4,R5) | X5: =IF(W5>0,R5/W5-1,-1) | Y5: =IF(R5>0,S5*資金模擬!$B$7/R5,0) | Z5: =IF(OR(Z4=1,R5<=資金模擬!$B$10),1,0)
A6: 4 | B6: 46289.81 | C6: 進場 | D6: 3 | E6: AGT_USDT_PERP | F6: 做空 | G6: 0.019584 | H6: 0.01899648 | I6: 0.0205632 | M6: =資金模擬!$B$5*V5 | N6: =IF(Z5=1,"已停止",IF(T5>=M6,"已下單","資金不足略過")) | O6: =IF(N6="已下單",M6*資金模擬!$B$7,0) | Q6: 0 | R6: =R5+Q6 | S6: =S5+IF(N6="已下單",M6,0) | T6: =R6-S6 | U6: =U5+IF(N6="已下單",1,0) | V6: =IF(資金模擬!$B$9=2,MAX(R6,0),MAX(V5,FLOOR(MAX(R6,0),資金模擬!$B$6))) | W6: =MAX(W5,R6) | X6: =IF(W6>0,R6/W6-1,-1) | Y6: =IF(R6>0,S6*資金模擬!$B$7/R6,0) | Z6: =IF(OR(Z5=1,R6<=資金模擬!$B$10),1,0)
A7: 5 | B7: 46289.835 | C7: 進場 | D7: 4 | E7: PHA_USDT_PERP | F7: 做空 | G7: 0.05098 | H7: 0.0494506 | I7: 0.053529 | M7: =資金模擬!$B$5*V6 | N7: =IF(Z6=1,"已停止",IF(T6>=M7,"已下單","資金不足略過")) | O7: =IF(N7="已下單",M7*資金模擬!$B$7,0) | Q7: 0 | R7: =R6+Q7 | S7: =S6+IF(N7="已下單",M7,0) | T7: =R7-S7 | U7: =U6+IF(N7="已下單",1,0) | V7: =IF(資金模擬!$B$9=2,MAX(R7,0),MAX(V6,FLOOR(MAX(R7,0),資金模擬!$B$6))) | W7: =MAX(W6,R7) | X7: =IF(W7>0,R7/W7-1,-1) | Y7: =IF(R7>0,S7*資金模擬!$B$7/R7,0) | Z7: =IF(OR(Z6=1,R7<=資金模擬!$B$10),1,0)
A8: 6 | B8: 46289.847 | C8: 出場 | D8: 4 | E8: PHA_USDT_PERP | F8: 做空 | G8: 0.05098 | H8: 0.0494506 | I8: 0.053529 | J8: 0.053529 | K8: 止損 | L8: =交易明細!K5 | M8: =M7 | N8: =N7 | O8: =O7 | P8: =交易明細!L5 | Q8: =IF(N8="已下單",O8*P8,0) | R8: =R7+Q8 | S8: =S7-IF(N8="已下單",M8,0) | T8: =R8-S8 | U8: =U7-IF(N8="已下單",1,0) | V8: =IF(資金模擬!$B$9=2,MAX(R8,0),MAX(V7,FLOOR(MAX(R8,0),資金模擬!$B$6))) | W8: =MAX(W7,R8) | X8: =IF(W8>0,R8/W8-1,-1) | Y8: =IF(R8>0,S8*資金模擬!$B$7/R8,0) | Z8: =IF(OR(Z7=1,R8<=資金模擬!$B$10),1,0)
A9: 7 | B9: 46289.853 | C9: 出場 | D9: 2 | E9: BROCCOLI_USDT_PERP | F9: 做空 | G9: 0.02867 | H9: 0.0278099 | I9: 0.0301035 | J9: 0.0301035 | K9: 止損 | L9: =交易明細!K3 | M9: =M5 | N9: =N5 | O9: =O5 | P9: =交易明細!L3 | Q9: =IF(N9="已下單",O9*P9,0) | R9: =R8+Q9 | S9: =S8-IF(N9="已下單",M9,0) | T9: =R9-S9 | U9: =U8-IF(N9="已下單",1,0) | V9: =IF(資金模擬!$B$9=2,MAX(R9,0),MAX(V8,FLOOR(MAX(R9,0),資金模擬!$B$6))) | W9: =MAX(W8,R9) | X9: =IF(W9>0,R9/W9-1,-1) | Y9: =IF(R9>0,S9*資金模擬!$B$7/R9,0) | Z9: =IF(OR(Z8=1,R9<=資金模擬!$B$10),1,0)
A10: 8 | B10: 46289.942 | C10: 進場 | D10: 5 | E10: BB_USDT_PERP | F10: 做空 | G10: 0.01095 | H10: 0.0106215 | I10: 0.0114975 | M10: =資金模擬!$B$5*V9 | N10: =IF(Z9=1,"已停止",IF(T9>=M10,"已下單","資金不足略過")) | O10: =IF(N10="已下單",M10*資金模擬!$B$7,0) | Q10: 0 | R10: =R9+Q10 | S10: =S9+IF(N10="已下單",M10,0) | T10: =R10-S10 | U10: =U9+IF(N10="已下單",1,0) | V10: =IF(資金模擬!$B$9=2,MAX(R10,0),MAX(V9,FLOOR(MAX(R10,0),資金模擬!$B$6))) | W10: =MAX(W9,R10) | X10: =IF(W10>0,R10/W10-1,-1) | Y10: =IF(R10>0,S10*資金模擬!$B$7/R10,0) | Z10: =IF(OR(Z9=1,R10<=資金模擬!$B$10),1,0)
A11: 9 | B11: 46289.974 | C11: 出場 | D11: 3 | E11: AGT_USDT_PERP | F11: 做空 | G11: 0.019584 | H11: 0.01899648 | I11: 0.0205632 | J11: 0.01899648 | K11: 止盈 | L11: =交易明細!K4 | M11: =M6 | N11: =N6 | O11: =O6 | P11: =交易明細!L4 | Q11: =IF(N11="已下單",O11*P11,0) | R11: =R10+Q11 | S11: =S10-IF(N11="已下單",M11,0) | T11: =R11-S11 | U11: =U10-IF(N11="已下單",1,0) | V11: =IF(資金模擬!$B$9=2,MAX(R11,0),MAX(V10,FLOOR(MAX(R11,0),資金模擬!$B$6))) | W11: =MAX(W10,R11) | X11: =IF(W11>0,R11/W11-1,-1) | Y11: =IF(R11>0,S11*資金模擬!$B$7/R11,0) | Z11: =IF(OR(Z10=1,R11<=資金模擬!$B$10),1,0)
A12: 10 | B12: 46289.992 | C12: 出場 | D12: 5 | E12: BB_USDT_PERP | F12: 做空 | G12: 0.01095 | H12: 0.0106215 | I12: 0.0114975 | J12: 0.0106215 | K12: 止盈 | L12: =交易明細!K6 | M12: =M10 | N12: =N10 | O12: =O10 | P12: =交易明細!L6 | Q12: =IF(N12="已下單",O12*P12,0) | R12: =R11+Q12 | S12: =S11-IF(N12="已下單",M12,0) | T12: =R12-S12 | U12: =U11-IF(N12="已下單",1,0) | V12: =IF(資金模擬!$B$9=2,MAX(R12,0),MAX(V11,FLOOR(MAX(R12,0),資金模擬!$B$6))) | W12: =MAX(W11,R12) | X12: =IF(W12>0,R12/W12-1,-1) | Y12: =IF(R12>0,S12*資金模擬!$B$7/R12,0) | Z12: =IF(OR(Z11=1,R12<=資金模擬!$B$10),1,0)
A13: 11 | B13: 46290.011 | C13: 進場 | D13: 6 | E13: RIVER_USDT_PERP | F13: 做空 | G13: 1.278 | H13: 1.23966 | I13: 1.3419 | M13: =資金模擬!$B$5*V12 | N13: =IF(Z12=1,"已停止",IF(T12>=M13,"已下單","資金不足略過")) | O13: =IF(N13="已下單",M13*資金模擬!$B$7,0) | Q13: 0 | R13: =R12+Q13 | S13: =S12+IF(N13="已下單",M13,0) | T13: =R13-S13 | U13: =U12+IF(N13="已下單",1,0) | V13: =IF(資金模擬!$B$9=2,MAX(R13,0),MAX(V12,FLOOR(MAX(R13,0),資金模擬!$B$6))) | W13: =MAX(W12,R13) | X13: =IF(W13>0,R13/W13-1,-1) | Y13: =IF(R13>0,S13*資金模擬!$B$7/R13,0) | Z13: =IF(OR(Z12=1,R13<=資金模擬!$B$10),1,0)
A14: 12 | B14: 46290.015 | C14: 進場 | D14: 7 | E14: LAB_USDT_PERP | F14: 做空 | G14: 0.06094 | H14: 0.0591118 | I14: 0.063987 | M14: =資金模擬!$B$5*V13 | N14: =IF(Z13=1,"已停止",IF(T13>=M14,"已下單","資金不足略過")) | O14: =IF(N14="已下單",M14*資金模擬!$B$7,0) | Q14: 0 | R14: =R13+Q14 | S14: =S13+IF(N14="已下單",M14,0) | T14: =R14-S14 | U14: =U13+IF(N14="已下單",1,0) | V14: =IF(資金模擬!$B$9=2,MAX(R14,0),MAX(V13,FLOOR(MAX(R14,0),資金模擬!$B$6))) | W14: =MAX(W13,R14) | X14: =IF(W14>0,R14/W14-1,-1) | Y14: =IF(R14>0,S14*資金模擬!$B$7/R14,0) | Z14: =IF(OR(Z13=1,R14<=資金模擬!$B$10),1,0)
A15: 13 | B15: 46290.264 | C15: 出場 | D15: 7 | E15: LAB_USDT_PERP | F15: 做空 | G15: 0.06094 | H15: 0.0591118 | I15: 0.063987 | J15: 0.0591118 | K15: 止盈 | L15: =交易明細!K8 | M15: =M14 | N15: =N14 | O15: =O14 | P15: =交易明細!L8 | Q15: =IF(N15="已下單",O15*P15,0) | R15: =R14+Q15 | S15: =S14-IF(N15="已下單",M15,0) | T15: =R15-S15 | U15: =U14-IF(N15="已下單",1,0) | V15: =IF(資金模擬!$B$9=2,MAX(R15,0),MAX(V14,FLOOR(MAX(R15,0),資金模擬!$B$6))) | W15: =MAX(W14,R15) | X15: =IF(W15>0,R15/W15-1,-1) | Y15: =IF(R15>0,S15*資金模擬!$B$7/R15,0) | Z15: =IF(OR(Z14=1,R15<=資金模擬!$B$10),1,0)
A16: 14 | B16: 46290.338 | C16: 進場 | D16: 8 | E16: SAGA_USDT_PERP | F16: 做空 | G16: 0.07862 | H16: 0.0762614 | I16: 0.082551 | M16: =資金模擬!$B$5*V15 | N16: =IF(Z15=1,"已停止",IF(T15>=M16,"已下單","資金不足略過")) | O16: =IF(N16="已下單",M16*資金模擬!$B$7,0) | Q16: 0 | R16: =R15+Q16 | S16: =S15+IF(N16="已下單",M16,0) | T16: =R16-S16 | U16: =U15+IF(N16="已下單",1,0) | V16: =IF(資金模擬!$B$9=2,MAX(R16,0),MAX(V15,FLOOR(MAX(R16,0),資金模擬!$B$6))) | W16: =MAX(W15,R16) | X16: =IF(W16>0,R16/W16-1,-1) | Y16: =IF(R16>0,S16*資金模擬!$B$7/R16,0) | Z16: =IF(OR(Z15=1,R16<=資金模擬!$B$10),1,0)
A17: 15 | B17: 46290.338 | C17: 出場 | D17: 8 | E17: SAGA_USDT_PERP | F17: 做空 | G17: 0.07862 | H17: 0.0762614 | I17: 0.082551 | J17: 0.0762614 | K17: 止盈 | L17: =交易明細!K9 | M17: =M16 | N17: =N16 | O17: =O16 | P17: =交易明細!L9 | Q17: =IF(N17="已下單",O17*P17,0) | R17: =R16+Q17 | S17: =S16-IF(N17="已下單",M17,0) | T17: =R17-S17 | U17: =U16-IF(N17="已下單",1,0) | V17: =IF(資金模擬!$B$9=2,MAX(R17,0),MAX(V16,FLOOR(MAX(R17,0),資金模擬!$B$6))) | W17: =MAX(W16,R17) | X17: =IF(W17>0,R17/W17-1,-1) | Y17: =IF(R17>0,S17*資金模擬!$B$7/R17,0) | Z17: =IF(OR(Z16=1,R17<=資金模擬!$B$10),1,0)
A18: 16 | B18: 46290.449 | C18: 出場 | D18: 6 | E18: RIVER_USDT_PERP | F18: 做空 | G18: 1.278 | H18: 1.23966 | I18: 1.3419 | J18: 1.23966 | K18: 止盈 | L18: =交易明細!K7 | M18: =M13 | N18: =N13 | O18: =O13 | P18: =交易明細!L7 | Q18: =IF(N18="已下單",O18*P18,0) | R18: =R17+Q18 | S18: =S17-IF(N18="已下單",M18,0) | T18: =R18-S18 | U18: =U17-IF(N18="已下單",1,0) | V18: =IF(資金模擬!$B$9=2,MAX(R18,0),MAX(V17,FLOOR(MAX(R18,0),資金模擬!$B$6))) | W18: =MAX(W17,R18) | X18: =IF(W18>0,R18/W18-1,-1) | Y18: =IF(R18>0,S18*資金模擬!$B$7/R18,0) | Z18: =IF(OR(Z17=1,R18<=資金模擬!$B$10),1,0)
A19: 17 | B19: 46290.456 | C19: 進場 | D19: 9 | E19: PLAY_USDT_PERP | F19: 做空 | G19: 0.04057 | H19: 0.0393529 | I19: 0.0425985 | M19: =資金模擬!$B$5*V18 | N19: =IF(Z18=1,"已停止",IF(T18>=M19,"已下單","資金不足略過")) | O19: =IF(N19="已下單",M19*資金模擬!$B$7,0) | Q19: 0 | R19: =R18+Q19 | S19: =S18+IF(N19="已下單",M19,0) | T19: =R19-S19 | U19: =U18+IF(N19="已下單",1,0) | V19: =IF(資金模擬!$B$9=2,MAX(R19,0),MAX(V18,FLOOR(MAX(R19,0),資金模擬!$B$6))) | W19: =MAX(W18,R19) | X19: =IF(W19>0,R19/W19-1,-1) | Y19: =IF(R19>0,S19*資金模擬!$B$7/R19,0) | Z19: =IF(OR(Z18=1,R19<=資金模擬!$B$10),1,0)
A20: 18 | B20: 46290.483 | C20: 出場 | D20: 9 | E20: PLAY_USDT_PERP | F20: 做空 | G20: 0.04057 | H20: 0.0393529 | I20: 0.0425985 | J20: 0.0393529 | K20: 止盈 | L20: =交易明細!K10 | M20: =M19 | N20: =N19 | O20: =O19 | P20: =交易明細!L10 | Q20: =IF(N20="已下單",O20*P20,0) | R20: =R19+Q20 | S20: =S19-IF(N20="已下單",M20,0) | T20: =R20-S20 | U20: =U19-IF(N20="已下單",1,0) | V20: =IF(資金模擬!$B$9=2,MAX(R20,0),MAX(V19,FLOOR(MAX(R20,0),資金模擬!$B$6))) | W20: =MAX(W19,R20) | X20: =IF(W20>0,R20/W20-1,-1) | Y20: =IF(R20>0,S20*資金模擬!$B$7/R20,0) | Z20: =IF(OR(Z19=1,R20<=資金模擬!$B$10),1,0)
A21: 19 | B21: 46290.544 | C21: 進場 | D21: 10 | E21: MOVR_USDT_PERP | F21: 做空 | G21: 0.974 | H21: 0.94478 | I21: 1.0227 | M21: =資金模擬!$B$5*V20 | N21: =IF(Z20=1,"已停止",IF(T20>=M21,"已下單","資金不足略過")) | O21: =IF(N21="已下單",M21*資金模擬!$B$7,0) | Q21: 0 | R21: =R20+Q21 | S21: =S20+IF(N21="已下單",M21,0) | T21: =R21-S21 | U21: =U20+IF(N21="已下單",1,0) | V21: =IF(資金模擬!$B$9=2,MAX(R21,0),MAX(V20,FLOOR(MAX(R21,0),資金模擬!$B$6))) | W21: =MAX(W20,R21) | X21: =IF(W21>0,R21/W21-1,-1) | Y21: =IF(R21>0,S21*資金模擬!$B$7/R21,0) | Z21: =IF(OR(Z20=1,R21<=資金模擬!$B$10),1,0)
A22: 20 | B22: 46290.558 | C22: 出場 | D22: 10 | E22: MOVR_USDT_PERP | F22: 做空 | G22: 0.974 | H22: 0.94478 | I22: 1.0227 | J22: 0.94478 | K22: 止盈 | L22: =交易明細!K11 | M22: =M21 | N22: =N21 | O22: =O21 | P22: =交易明細!L11 | Q22: =IF(N22="已下單",O22*P22,0) | R22: =R21+Q22 | S22: =S21-IF(N22="已下單",M22,0) | T22: =R22-S22 | U22: =U21-IF(N22="已下單",1,0) | V22: =IF(資金模擬!$B$9=2,MAX(R22,0),MAX(V21,FLOOR(MAX(R22,0),資金模擬!$B$6))) | W22: =MAX(W21,R22) | X22: =IF(W22>0,R22/W22-1,-1) | Y22: =IF(R22>0,S22*資金模擬!$B$7/R22,0) | Z22: =IF(OR(Z21=1,R22<=資金模擬!$B$10),1,0)
A23: 21 | B23: 46290.643 | C23: 進場 | D23: 11 | E23: PHA_USDT_PERP | F23: 做空 | G23: 0.05717 | H23: 0.0554549 | I23: 0.0600285 | M23: =資金模擬!$B$5*V22 | N23: =IF(Z22=1,"已停止",IF(T22>=M23,"已下單","資金不足略過")) | O23: =IF(N23="已下單",M23*資金模擬!$B$7,0) | Q23: 0 | R23: =R22+Q23 | S23: =S22+IF(N23="已下單",M23,0) | T23: =R23-S23 | U23: =U22+IF(N23="已下單",1,0) | V23: =IF(資金模擬!$B$9=2,MAX(R23,0),MAX(V22,FLOOR(MAX(R23,0),資金模擬!$B$6))) | W23: =MAX(W22,R23) | X23: =IF(W23>0,R23/W23-1,-1) | Y23: =IF(R23>0,S23*資金模擬!$B$7/R23,0) | Z23: =IF(OR(Z22=1,R23<=資金模擬!$B$10),1,0)
A24: 22 | B24: 46290.665 | C24: 出場 | D24: 11 | E24: PHA_USDT_PERP | F24: 做空 | G24: 0.05717 | H24: 0.0554549 | I24: 0.0600285 | J24: 0.0554549 | K24: 止盈 | L24: =交易明細!K12 | M24: =M23 | N24: =N23 | O24: =O23 | P24: =交易明細!L12 | Q24: =IF(N24="已下單",O24*P24,0) | R24: =R23+Q24 | S24: =S23-IF(N24="已下單",M24,0) | T24: =R24-S24 | U24: =U23-IF(N24="已下單",1,0) | V24: =IF(資金模擬!$B$9=2,MAX(R24,0),MAX(V23,FLOOR(MAX(R24,0),資金模擬!$B$6))) | W24: =MAX(W23,R24) | X24: =IF(W24>0,R24/W24-1,-1) | Y24: =IF(R24>0,S24*資金模擬!$B$7/R24,0) | Z24: =IF(OR(Z23=1,R24<=資金模擬!$B$10),1,0)
A25: 23 | B25: 46290.677 | C25: 進場 | D25: 12 | E25: CASHCAT_USDT_PERP | F25: 做空 | G25: 0.1726 | H25: 0.167422 | I25: 0.18123 | M25: =資金模擬!$B$5*V24 | N25: =IF(Z24=1,"已停止",IF(T24>=M25,"已下單","資金不足略過")) | O25: =IF(N25="已下單",M25*資金模擬!$B$7,0) | Q25: 0 | R25: =R24+Q25 | S25: =S24+IF(N25="已下單",M25,0) | T25: =R25-S25 | U25: =U24+IF(N25="已下單",1,0) | V25: =IF(資金模擬!$B$9=2,MAX(R25,0),MAX(V24,FLOOR(MAX(R25,0),資金模擬!$B$6))) | W25: =MAX(W24,R25) | X25: =IF(W25>0,R25/W25-1,-1) | Y25: =IF(R25>0,S25*資金模擬!$B$7/R25,0) | Z25: =IF(OR(Z24=1,R25<=資金模擬!$B$10),1,0)
A26: 24 | B26: 46290.76 | C26: 出場 | D26: 12 | E26: CASHCAT_USDT_PERP | F26: 做空 | G26: 0.1726 | H26: 0.167422 | I26: 0.18123 | J26: 0.18123 | K26: 止損 | L26: =交易明細!K13 | M26: =M25 | N26: =N25 | O26: =O25 | P26: =交易明細!L13 | Q26: =IF(N26="已下單",O26*P26,0) | R26: =R25+Q26 | S26: =S25-IF(N26="已下單",M26,0) | T26: =R26-S26 | U26: =U25-IF(N26="已下單",1,0) | V26: =IF(資金模擬!$B$9=2,MAX(R26,0),MAX(V25,FLOOR(MAX(R26,0),資金模擬!$B$6))) | W26: =MAX(W25,R26) | X26: =IF(W26>0,R26/W26-1,-1) | Y26: =IF(R26>0,S26*資金模擬!$B$7/R26,0) | Z26: =IF(OR(Z25=1,R26<=資金模擬!$B$10),1,0)
A27: 25 | B27: 46290.842 | C27: 進場 | D27: 13 | E27: MUBARAK_USDT_PERP | F27: 做空 | G27: 0.04613 | H27: 0.0447461 | I27: 0.0484365 | M27: =資金模擬!$B$5*V26 | N27: =IF(Z26=1,"已停止",IF(T26>=M27,"已下單","資金不足略過")) | O27: =IF(N27="已下單",M27*資金模擬!$B$7,0) | Q27: 0 | R27: =R26+Q27 | S27: =S26+IF(N27="已下單",M27,0) | T27: =R27-S27 | U27: =U26+IF(N27="已下單",1,0) | V27: =IF(資金模擬!$B$9=2,MAX(R27,0),MAX(V26,FLOOR(MAX(R27,0),資金模擬!$B$6))) | W27: =MAX(W26,R27) | X27: =IF(W27>0,R27/W27-1,-1) | Y27: =IF(R27>0,S27*資金模擬!$B$7/R27,0) | Z27: =IF(OR(Z26=1,R27<=資金模擬!$B$10),1,0)
A28: 26 | B28: 46290.869 | C28: 出場 | D28: 13 | E28: MUBARAK_USDT_PERP | F28: 做空 | G28: 0.04613 | H28: 0.0447461 | I28: 0.0484365 | J28: 0.0447461 | K28: 止盈 | L28: =交易明細!K14 | M28: =M27 | N28: =N27 | O28: =O27 | P28: =交易明細!L14 | Q28: =IF(N28="已下單",O28*P28,0) | R28: =R27+Q28 | S28: =S27-IF(N28="已下單",M28,0) | T28: =R28-S28 | U28: =U27-IF(N28="已下單",1,0) | V28: =IF(資金模擬!$B$9=2,MAX(R28,0),MAX(V27,FLOOR(MAX(R28,0),資金模擬!$B$6))) | W28: =MAX(W27,R28) | X28: =IF(W28>0,R28/W28-1,-1) | Y28: =IF(R28>0,S28*資金模擬!$B$7/R28,0) | Z28: =IF(OR(Z27=1,R28<=資金模擬!$B$10),1,0)
A29: 27 | B29: 46290.969 | C29: 進場 | D29: 14 | E29: MOVR_USDT_PERP | F29: 做空 | G29: 1.119 | H29: 1.08543 | I29: 1.17495 | M29: =資金模擬!$B$5*V28 | N29: =IF(Z28=1,"已停止",IF(T28>=M29,"已下單","資金不足略過")) | O29: =IF(N29="已下單",M29*資金模擬!$B$7,0) | Q29: 0 | R29: =R28+Q29 | S29: =S28+IF(N29="已下單",M29,0) | T29: =R29-S29 | U29: =U28+IF(N29="已下單",1,0) | V29: =IF(資金模擬!$B$9=2,MAX(R29,0),MAX(V28,FLOOR(MAX(R29,0),資金模擬!$B$6))) | W29: =MAX(W28,R29) | X29: =IF(W29>0,R29/W29-1,-1) | Y29: =IF(R29>0,S29*資金模擬!$B$7/R29,0) | Z29: =IF(OR(Z28=1,R29<=資金模擬!$B$10),1,0)
A30: 28 | B30: 46290.974 | C30: 出場 | D30: 14 | E30: MOVR_USDT_PERP | F30: 做空 | G30: 1.119 | H30: 1.08543 | I30: 1.17495 | J30: 1.08543 | K30: 止盈 | L30: =交易明細!K15 | M30: =M29 | N30: =N29 | O30: =O29 | P30: =交易明細!L15 | Q30: =IF(N30="已下單",O30*P30,0) | R30: =R29+Q30 | S30: =S29-IF(N30="已下單",M30,0) | T30: =R30-S30 | U30: =U29-IF(N30="已下單",1,0) | V30: =IF(資金模擬!$B$9=2,MAX(R30,0),MAX(V29,FLOOR(MAX(R30,0),資金模擬!$B$6))) | W30: =MAX(W29,R30) | X30: =IF(W30>0,R30/W30-1,-1) | Y30: =IF(R30>0,S30*資金模擬!$B$7/R30,0) | Z30: =IF(OR(Z29=1,R30<=資金模擬!$B$10),1,0)
A31: 29 | B31: 46291.007 | C31: 進場 | D31: 15 | E31: LYN_USDT_PERP | F31: 做空 | G31: 0.04478 | H31: 0.0434366 | I31: 0.047019 | M31: =資金模擬!$B$5*V30 | N31: =IF(Z30=1,"已停止",IF(T30>=M31,"已下單","資金不足略過")) | O31: =IF(N31="已下單",M31*資金模擬!$B$7,0) | Q31: 0 | R31: =R30+Q31 | S31: =S30+IF(N31="已下單",M31,0) | T31: =R31-S31 | U31: =U30+IF(N31="已下單",1,0) | V31: =IF(資金模擬!$B$9=2,MAX(R31,0),MAX(V30,FLOOR(MAX(R31,0),資金模擬!$B$6))) | W31: =MAX(W30,R31) | X31: =IF(W31>0,R31/W31-1,-1) | Y31: =IF(R31>0,S31*資金模擬!$B$7/R31,0) | Z31: =IF(OR(Z30=1,R31<=資金模擬!$B$10),1,0)
A32: 30 | B32: 46291.008 | C32: 出場 | D32: 15 | E32: LYN_USDT_PERP | F32: 做空 | G32: 0.04478 | H32: 0.0434366 | I32: 0.047019 | J32: 0.0434366 | K32: 止盈 | L32: =交易明細!K16 | M32: =M31 | N32: =N31 | O32: =O31 | P32: =交易明細!L16 | Q32: =IF(N32="已下單",O32*P32,0) | R32: =R31+Q32 | S32: =S31-IF(N32="已下單",M32,0) | T32: =R32-S32 | U32: =U31-IF(N32="已下單",1,0) | V32: =IF(資金模擬!$B$9=2,MAX(R32,0),MAX(V31,FLOOR(MAX(R32,0),資金模擬!$B$6))) | W32: =MAX(W31,R32) | X32: =IF(W32>0,R32/W32-1,-1) | Y32: =IF(R32>0,S32*資金模擬!$B$7/R32,0) | Z32: =IF(OR(Z31=1,R32<=資金模擬!$B$10),1,0)
A33: 31 | B33: 46291.008 | C33: 進場 | D33: 16 | E33: SPK_USDT_PERP | F33: 做空 | G33: 0.0245 | H33: 0.023765 | I33: 0.025725 | M33: =資金模擬!$B$5*V32 | N33: =IF(Z32=1,"已停止",IF(T32>=M33,"已下單","資金不足略過")) | O33: =IF(N33="已下單",M33*資金模擬!$B$7,0) | Q33: 0 | R33: =R32+Q33 | S33: =S32+IF(N33="已下單",M33,0) | T33: =R33-S33 | U33: =U32+IF(N33="已下單",1,0) | V33: =IF(資金模擬!$B$9=2,MAX(R33,0),MAX(V32,FLOOR(MAX(R33,0),資金模擬!$B$6))) | W33: =MAX(W32,R33) | X33: =IF(W33>0,R33/W33-1,-1) | Y33: =IF(R33>0,S33*資金模擬!$B$7/R33,0) | Z33: =IF(OR(Z32=1,R33<=資金模擬!$B$10),1,0)
A34: 32 | B34: 46291.018 | C34: 出場 | D34: 16 | E34: SPK_USDT_PERP | F34: 做空 | G34: 0.0245 | H34: 0.023765 | I34: 0.025725 | J34: 0.025725 | K34: 止損 | L34: =交易明細!K17 | M34: =M33 | N34: =N33 | O34: =O33 | P34: =交易明細!L17 | Q34: =IF(N34="已下單",O34*P34,0) | R34: =R33+Q34 | S34: =S33-IF(N34="已下單",M34,0) | T34: =R34-S34 | U34: =U33-IF(N34="已下單",1,0) | V34: =IF(資金模擬!$B$9=2,MAX(R34,0),MAX(V33,FLOOR(MAX(R34,0),資金模擬!$B$6))) | W34: =MAX(W33,R34) | X34: =IF(W34>0,R34/W34-1,-1) | Y34: =IF(R34>0,S34*資金模擬!$B$7/R34,0) | Z34: =IF(OR(Z33=1,R34<=資金模擬!$B$10),1,0)
A35: 33 | B35: 46291.05 | C35: 進場 | D35: 17 | E35: LYN_USDT_PERP | F35: 做空 | G35: 0.07316 | H35: 0.0709652 | I35: 0.076818 | M35: =資金模擬!$B$5*V34 | N35: =IF(Z34=1,"已停止",IF(T34>=M35,"已下單","資金不足略過")) | O35: =IF(N35="已下單",M35*資金模擬!$B$7,0) | Q35: 0 | R35: =R34+Q35 | S35: =S34+IF(N35="已下單",M35,0) | T35: =R35-S35 | U35: =U34+IF(N35="已下單",1,0) | V35: =IF(資金模擬!$B$9=2,MAX(R35,0),MAX(V34,FLOOR(MAX(R35,0),資金模擬!$B$6))) | W35: =MAX(W34,R35) | X35: =IF(W35>0,R35/W35-1,-1) | Y35: =IF(R35>0,S35*資金模擬!$B$7/R35,0) | Z35: =IF(OR(Z34=1,R35<=資金模擬!$B$10),1,0)
A36: 34 | B36: 46291.051 | C36: 出場 | D36: 17 | E36: LYN_USDT_PERP | F36: 做空 | G36: 0.07316 | H36: 0.0709652 | I36: 0.076818 | J36: 0.0709652 | K36: 止盈 | L36: =交易明細!K18 | M36: =M35 | N36: =N35 | O36: =O35 | P36: =交易明細!L18 | Q36: =IF(N36="已下單",O36*P36,0) | R36: =R35+Q36 | S36: =S35-IF(N36="已下單",M36,0) | T36: =R36-S36 | U36: =U35-IF(N36="已下單",1,0) | V36: =IF(資金模擬!$B$9=2,MAX(R36,0),MAX(V35,FLOOR(MAX(R36,0),資金模擬!$B$6))) | W36: =MAX(W35,R36) | X36: =IF(W36>0,R36/W36-1,-1) | Y36: =IF(R36>0,S36*資金模擬!$B$7/R36,0) | Z36: =IF(OR(Z35=1,R36<=資金模擬!$B$10),1,0)
A37: 35 | B37: 46291.592 | C37: 進場 | D37: 18 | E37: 2Z_USDT_PERP | F37: 做空 | G37: 0.06309 | H37: 0.0611973 | I37: 0.0662445 | M37: =資金模擬!$B$5*V36 | N37: =IF(Z36=1,"已停止",IF(T36>=M37,"已下單","資金不足略過")) | O37: =IF(N37="已下單",M37*資金模擬!$B$7,0) | Q37: 0 | R37: =R36+Q37 | S37: =S36+IF(N37="已下單",M37,0) | T37: =R37-S37 | U37: =U36+IF(N37="已下單",1,0) | V37: =IF(資金模擬!$B$9=2,MAX(R37,0),MAX(V36,FLOOR(MAX(R37,0),資金模擬!$B$6))) | W37: =MAX(W36,R37) | X37: =IF(W37>0,R37/W37-1,-1) | Y37: =IF(R37>0,S37*資金模擬!$B$7/R37,0) | Z37: =IF(OR(Z36=1,R37<=資金模擬!$B$10),1,0)
A38: 36 | B38: 46291.595 | C38: 出場 | D38: 18 | E38: 2Z_USDT_PERP | F38: 做空 | G38: 0.06309 | H38: 0.0611973 | I38: 0.0662445 | J38: 0.0662445 | K38: 止損 | L38: =交易明細!K19 | M38: =M37 | N38: =N37 | O38: =O37 | P38: =交易明細!L19 | Q38: =IF(N38="已下單",O38*P38,0) | R38: =R37+Q38 | S38: =S37-IF(N38="已下單",M38,0) | T38: =R38-S38 | U38: =U37-IF(N38="已下單",1,0) | V38: =IF(資金模擬!$B$9=2,MAX(R38,0),MAX(V37,FLOOR(MAX(R38,0),資金模擬!$B$6))) | W38: =MAX(W37,R38) | X38: =IF(W38>0,R38/W38-1,-1) | Y38: =IF(R38>0,S38*資金模擬!$B$7/R38,0) | Z38: =IF(OR(Z37=1,R38<=資金模擬!$B$10),1,0)
A39: 37 | B39: 46291.628 | C39: 進場 | D39: 19 | E39: Q_USDT_PERP | F39: 做空 | G39: 0.03002 | H39: 0.0291194 | I39: 0.031521 | M39: =資金模擬!$B$5*V38 | N39: =IF(Z38=1,"已停止",IF(T38>=M39,"已下單","資金不足略過")) | O39: =IF(N39="已下單",M39*資金模擬!$B$7,0) | Q39: 0 | R39: =R38+Q39 | S39: =S38+IF(N39="已下單",M39,0) | T39: =R39-S39 | U39: =U38+IF(N39="已下單",1,0) | V39: =IF(資金模擬!$B$9=2,MAX(R39,0),MAX(V38,FLOOR(MAX(R39,0),資金模擬!$B$6))) | W39: =MAX(W38,R39) | X39: =IF(W39>0,R39/W39-1,-1) | Y39: =IF(R39>0,S39*資金模擬!$B$7/R39,0) | Z39: =IF(OR(Z38=1,R39<=資金模擬!$B$10),1,0)
A40: 38 | B40: 46291.642 | C40: 出場 | D40: 19 | E40: Q_USDT_PERP | F40: 做空 | G40: 0.03002 | H40: 0.0291194 | I40: 0.031521 | J40: 0.031521 | K40: 止損 | L40: =交易明細!K20 | M40: =M39 | N40: =N39 | O40: =O39 | P40: =交易明細!L20 | Q40: =IF(N40="已下單",O40*P40,0) | R40: =R39+Q40 | S40: =S39-IF(N40="已下單",M40,0) | T40: =R40-S40 | U40: =U39-IF(N40="已下單",1,0) | V40: =IF(資金模擬!$B$9=2,MAX(R40,0),MAX(V39,FLOOR(MAX(R40,0),資金模擬!$B$6))) | W40: =MAX(W39,R40) | X40: =IF(W40>0,R40/W40-1,-1) | Y40: =IF(R40>0,S40*資金模擬!$B$7/R40,0) | Z40: =IF(OR(Z39=1,R40<=資金模擬!$B$10),1,0)
A41: 39 | B41: 46291.726 | C41: 進場 | D41: 20 | E41: 2Z_USDT_PERP | F41: 做空 | G41: 0.07753 | H41: 0.0752041 | I41: 0.0814065 | M41: =資金模擬!$B$5*V40 | N41: =IF(Z40=1,"已停止",IF(T40>=M41,"已下單","資金不足略過")) | O41: =IF(N41="已下單",M41*資金模擬!$B$7,0) | Q41: 0 | R41: =R40+Q41 | S41: =S40+IF(N41="已下單",M41,0) | T41: =R41-S41 | U41: =U40+IF(N41="已下單",1,0) | V41: =IF(資金模擬!$B$9=2,MAX(R41,0),MAX(V40,FLOOR(MAX(R41,0),資金模擬!$B$6))) | W41: =MAX(W40,R41) | X41: =IF(W41>0,R41/W41-1,-1) | Y41: =IF(R41>0,S41*資金模擬!$B$7/R41,0) | Z41: =IF(OR(Z40=1,R41<=資金模擬!$B$10),1,0)
A42: 40 | B42: 46291.744 | C42: 出場 | D42: 20 | E42: 2Z_USDT_PERP | F42: 做空 | G42: 0.07753 | H42: 0.0752041 | I42: 0.0814065 | J42: 0.0752041 | K42: 止盈 | L42: =交易明細!K21 | M42: =M41 | N42: =N41 | O42: =O41 | P42: =交易明細!L21 | Q42: =IF(N42="已下單",O42*P42,0) | R42: =R41+Q42 | S42: =S41-IF(N42="已下單",M42,0) | T42: =R42-S42 | U42: =U41-IF(N42="已下單",1,0) | V42: =IF(資金模擬!$B$9=2,MAX(R42,0),MAX(V41,FLOOR(MAX(R42,0),資金模擬!$B$6))) | W42: =MAX(W41,R42) | X42: =IF(W42>0,R42/W42-1,-1) | Y42: =IF(R42>0,S42*資金模擬!$B$7/R42,0) | Z42: =IF(OR(Z41=1,R42<=資金模擬!$B$10),1,0)
A43: 41 | B43: 46291.934 | C43: 進場 | D43: 21 | E43: US_USDT_PERP | F43: 做空 | G43: 0.02532 | H43: 0.0245604 | I43: 0.026586 | M43: =資金模擬!$B$5*V42 | N43: =IF(Z42=1,"已停止",IF(T42>=M43,"已下單","資金不足略過")) | O43: =IF(N43="已下單",M43*資金模擬!$B$7,0) | Q43: 0 | R43: =R42+Q43 | S43: =S42+IF(N43="已下單",M43,0) | T43: =R43-S43 | U43: =U42+IF(N43="已下單",1,0) | V43: =IF(資金模擬!$B$9=2,MAX(R43,0),MAX(V42,FLOOR(MAX(R43,0),資金模擬!$B$6))) | W43: =MAX(W42,R43) | X43: =IF(W43>0,R43/W43-1,-1) | Y43: =IF(R43>0,S43*資金模擬!$B$7/R43,0) | Z43: =IF(OR(Z42=1,R43<=資金模擬!$B$10),1,0)
A44: 42 | B44: 46291.96 | C44: 出場 | D44: 21 | E44: US_USDT_PERP | F44: 做空 | G44: 0.02532 | H44: 0.0245604 | I44: 0.026586 | J44: 0.026586 | K44: 止損 | L44: =交易明細!K22 | M44: =M43 | N44: =N43 | O44: =O43 | P44: =交易明細!L22 | Q44: =IF(N44="已下單",O44*P44,0) | R44: =R43+Q44 | S44: =S43-IF(N44="已下單",M44,0) | T44: =R44-S44 | U44: =U43-IF(N44="已下單",1,0) | V44: =IF(資金模擬!$B$9=2,MAX(R44,0),MAX(V43,FLOOR(MAX(R44,0),資金模擬!$B$6))) | W44: =MAX(W43,R44) | X44: =IF(W44>0,R44/W44-1,-1) | Y44: =IF(R44>0,S44*資金模擬!$B$7/R44,0) | Z44: =IF(OR(Z43=1,R44<=資金模擬!$B$10),1,0)
A45: 43 | B45: 46291.978 | C45: 進場 | D45: 22 | E45: FIL_USDT_PERP | F45: 做空 | G45: 1.213 | H45: 1.17661 | I45: 1.27365 | M45: =資金模擬!$B$5*V44 | N45: =IF(Z44=1,"已停止",IF(T44>=M45,"已下單","資金不足略過")) | O45: =IF(N45="已下單",M45*資金模擬!$B$7,0) | Q45: 0 | R45: =R44+Q45 | S45: =S44+IF(N45="已下單",M45,0) | T45: =R45-S45 | U45: =U44+IF(N45="已下單",1,0) | V45: =IF(資金模擬!$B$9=2,MAX(R45,0),MAX(V44,FLOOR(MAX(R45,0),資金模擬!$B$6))) | W45: =MAX(W44,R45) | X45: =IF(W45>0,R45/W45-1,-1) | Y45: =IF(R45>0,S45*資金模擬!$B$7/R45,0) | Z45: =IF(OR(Z44=1,R45<=資金模擬!$B$10),1,0)
A46: 44 | B46: 46292.049 | C46: 出場 | D46: 22 | E46: FIL_USDT_PERP | F46: 做空 | G46: 1.213 | H46: 1.17661 | I46: 1.27365 | J46: 1.17661 | K46: 止盈 | L46: =交易明細!K23 | M46: =M45 | N46: =N45 | O46: =O45 | P46: =交易明細!L23 | Q46: =IF(N46="已下單",O46*P46,0) | R46: =R45+Q46 | S46: =S45-IF(N46="已下單",M46,0) | T46: =R46-S46 | U46: =U45-IF(N46="已下單",1,0) | V46: =IF(資金模擬!$B$9=2,MAX(R46,0),MAX(V45,FLOOR(MAX(R46,0),資金模擬!$B$6))) | W46: =MAX(W45,R46) | X46: =IF(W46>0,R46/W46-1,-1) | Y46: =IF(R46>0,S46*資金模擬!$B$7/R46,0) | Z46: =IF(OR(Z45=1,R46<=資金模擬!$B$10),1,0)
A47: 45 | B47: 46292.656 | C47: 進場 | D47: 23 | E47: XVG_USDT_PERP | F47: 做空 | G47: 0.003505 | H47: 0.00339985 | I47: 0.00368025 | M47: =資金模擬!$B$5*V46 | N47: =IF(Z46=1,"已停止",IF(T46>=M47,"已下單","資金不足略過")) | O47: =IF(N47="已下單",M47*資金模擬!$B$7,0) | Q47: 0 | R47: =R46+Q47 | S47: =S46+IF(N47="已下單",M47,0) | T47: =R47-S47 | U47: =U46+IF(N47="已下單",1,0) | V47: =IF(資金模擬!$B$9=2,MAX(R47,0),MAX(V46,FLOOR(MAX(R47,0),資金模擬!$B$6))) | W47: =MAX(W46,R47) | X47: =IF(W47>0,R47/W47-1,-1) | Y47: =IF(R47>0,S47*資金模擬!$B$7/R47,0) | Z47: =IF(OR(Z46=1,R47<=資金模擬!$B$10),1,0)
A48: 46 | B48: 46292.701 | C48: 出場 | D48: 23 | E48: XVG_USDT_PERP | F48: 做空 | G48: 0.003505 | H48: 0.00339985 | I48: 0.00368025 | J48: 0.00368025 | K48: 止損 | L48: =交易明細!K24 | M48: =M47 | N48: =N47 | O48: =O47 | P48: =交易明細!L24 | Q48: =IF(N48="已下單",O48*P48,0) | R48: =R47+Q48 | S48: =S47-IF(N48="已下單",M48,0) | T48: =R48-S48 | U48: =U47-IF(N48="已下單",1,0) | V48: =IF(資金模擬!$B$9=2,MAX(R48,0),MAX(V47,FLOOR(MAX(R48,0),資金模擬!$B$6))) | W48: =MAX(W47,R48) | X48: =IF(W48>0,R48/W48-1,-1) | Y48: =IF(R48>0,S48*資金模擬!$B$7/R48,0) | Z48: =IF(OR(Z47=1,R48<=資金模擬!$B$10),1,0)
A49: 47 | B49: 46292.738 | C49: 進場 | D49: 24 | E49: ARX_USDT_PERP | F49: 做空 | G49: 0.2513 | H49: 0.243761 | I49: 0.263865 | M49: =資金模擬!$B$5*V48 | N49: =IF(Z48=1,"已停止",IF(T48>=M49,"已下單","資金不足略過")) | O49: =IF(N49="已下單",M49*資金模擬!$B$7,0) | Q49: 0 | R49: =R48+Q49 | S49: =S48+IF(N49="已下單",M49,0) | T49: =R49-S49 | U49: =U48+IF(N49="已下單",1,0) | V49: =IF(資金模擬!$B$9=2,MAX(R49,0),MAX(V48,FLOOR(MAX(R49,0),資金模擬!$B$6))) | W49: =MAX(W48,R49) | X49: =IF(W49>0,R49/W49-1,-1) | Y49: =IF(R49>0,S49*資金模擬!$B$7/R49,0) | Z49: =IF(OR(Z48=1,R49<=資金模擬!$B$10),1,0)
A50: 48 | B50: 46292.781 | C50: 出場 | D50: 24 | E50: ARX_USDT_PERP | F50: 做空 | G50: 0.2513 | H50: 0.243761 | I50: 0.263865 | J50: 0.263865 | K50: 止損 | L50: =交易明細!K25 | M50: =M49 | N50: =N49 | O50: =O49 | P50: =交易明細!L25 | Q50: =IF(N50="已下單",O50*P50,0) | R50: =R49+Q50 | S50: =S49-IF(N50="已下單",M50,0) | T50: =R50-S50 | U50: =U49-IF(N50="已下單",1,0) | V50: =IF(資金模擬!$B$9=2,MAX(R50,0),MAX(V49,FLOOR(MAX(R50,0),資金模擬!$B$6))) | W50: =MAX(W49,R50) | X50: =IF(W50>0,R50/W50-1,-1) | Y50: =IF(R50>0,S50*資金模擬!$B$7/R50,0) | Z50: =IF(OR(Z49=1,R50<=資金模擬!$B$10),1,0)
A51: 49 | B51: 46292.842 | C51: 進場 | D51: 25 | E51: INX_USDT_PERP | F51: 做空 | G51: 0.007383 | H51: 0.00716151 | I51: 0.00775215 | M51: =資金模擬!$B$5*V50 | N51: =IF(Z50=1,"已停止",IF(T50>=M51,"已下單","資金不足略過")) | O51: =IF(N51="已下單",M51*資金模擬!$B$7,0) | Q51: 0 | R51: =R50+Q51 | S51: =S50+IF(N51="已下單",M51,0) | T51: =R51-S51 | U51: =U50+IF(N51="已下單",1,0) | V51: =IF(資金模擬!$B$9=2,MAX(R51,0),MAX(V50,FLOOR(MAX(R51,0),資金模擬!$B$6))) | W51: =MAX(W50,R51) | X51: =IF(W51>0,R51/W51-1,-1) | Y51: =IF(R51>0,S51*資金模擬!$B$7/R51,0) | Z51: =IF(OR(Z50=1,R51<=資金模擬!$B$10),1,0)
A52: 50 | B52: 46292.847 | C52: 出場 | D52: 25 | E52: INX_USDT_PERP | F52: 做空 | G52: 0.007383 | H52: 0.00716151 | I52: 0.00775215 | J52: 0.00716151 | K52: 止盈 | L52: =交易明細!K26 | M52: =M51 | N52: =N51 | O52: =O51 | P52: =交易明細!L26 | Q52: =IF(N52="已下單",O52*P52,0) | R52: =R51+Q52 | S52: =S51-IF(N52="已下單",M52,0) | T52: =R52-S52 | U52: =U51-IF(N52="已下單",1,0) | V52: =IF(資金模擬!$B$9=2,MAX(R52,0),MAX(V51,FLOOR(MAX(R52,0),資金模擬!$B$6))) | W52: =MAX(W51,R52) | X52: =IF(W52>0,R52/W52-1,-1) | Y52: =IF(R52>0,S52*資金模擬!$B$7/R52,0) | Z52: =IF(OR(Z51=1,R52<=資金模擬!$B$10),1,0)
A53: 51 | B53: 46292.924 | C53: 進場 | D53: 26 | E53: ARX_USDT_PERP | F53: 做空 | G53: 0.2914 | H53: 0.282658 | I53: 0.30597 | M53: =資金模擬!$B$5*V52 | N53: =IF(Z52=1,"已停止",IF(T52>=M53,"已下單","資金不足略過")) | O53: =IF(N53="已下單",M53*資金模擬!$B$7,0) | Q53: 0 | R53: =R52+Q53 | S53: =S52+IF(N53="已下單",M53,0) | T53: =R53-S53 | U53: =U52+IF(N53="已下單",1,0) | V53: =IF(資金模擬!$B$9=2,MAX(R53,0),MAX(V52,FLOOR(MAX(R53,0),資金模擬!$B$6))) | W53: =MAX(W52,R53) | X53: =IF(W53>0,R53/W53-1,-1) | Y53: =IF(R53>0,S53*資金模擬!$B$7/R53,0) | Z53: =IF(OR(Z52=1,R53<=資金模擬!$B$10),1,0)
A54: 52 | B54: 46292.969 | C54: 出場 | D54: 26 | E54: ARX_USDT_PERP | F54: 做空 | G54: 0.2914 | H54: 0.282658 | I54: 0.30597 | J54: 0.282658 | K54: 止盈 | L54: =交易明細!K27 | M54: =M53 | N54: =N53 | O54: =O53 | P54: =交易明細!L27 | Q54: =IF(N54="已下單",O54*P54,0) | R54: =R53+Q54 | S54: =S53-IF(N54="已下單",M54,0) | T54: =R54-S54 | U54: =U53-IF(N54="已下單",1,0) | V54: =IF(資金模擬!$B$9=2,MAX(R54,0),MAX(V53,FLOOR(MAX(R54,0),資金模擬!$B$6))) | W54: =MAX(W53,R54) | X54: =IF(W54>0,R54/W54-1,-1) | Y54: =IF(R54>0,S54*資金模擬!$B$7/R54,0) | Z54: =IF(OR(Z53=1,R54<=資金模擬!$B$10),1,0)
A55: 53 | B55: 46293.267 | C55: 進場 | D55: 27 | E55: NOM_USDT_PERP | F55: 做空 | G55: 0.002434 | H55: 0.00236098 | I55: 0.0025557 | M55: =資金模擬!$B$5*V54 | N55: =IF(Z54=1,"已停止",IF(T54>=M55,"已下單","資金不足略過")) | O55: =IF(N55="已下單",M55*資金模擬!$B$7,0) | Q55: 0 | R55: =R54+Q55 | S55: =S54+IF(N55="已下單",M55,0) | T55: =R55-S55 | U55: =U54+IF(N55="已下單",1,0) | V55: =IF(資金模擬!$B$9=2,MAX(R55,0),MAX(V54,FLOOR(MAX(R55,0),資金模擬!$B$6))) | W55: =MAX(W54,R55) | X55: =IF(W55>0,R55/W55-1,-1) | Y55: =IF(R55>0,S55*資金模擬!$B$7/R55,0) | Z55: =IF(OR(Z54=1,R55<=資金模擬!$B$10),1,0)
A56: 54 | B56: 46293.269 | C56: 出場 | D56: 27 | E56: NOM_USDT_PERP | F56: 做空 | G56: 0.002434 | H56: 0.00236098 | I56: 0.0025557 | J56: 0.00236098 | K56: 止盈 | L56: =交易明細!K28 | M56: =M55 | N56: =N55 | O56: =O55 | P56: =交易明細!L28 | Q56: =IF(N56="已下單",O56*P56,0) | R56: =R55+Q56 | S56: =S55-IF(N56="已下單",M56,0) | T56: =R56-S56 | U56: =U55-IF(N56="已下單",1,0) | V56: =IF(資金模擬!$B$9=2,MAX(R56,0),MAX(V55,FLOOR(MAX(R56,0),資金模擬!$B$6))) | W56: =MAX(W55,R56) | X56: =IF(W56>0,R56/W56-1,-1) | Y56: =IF(R56>0,S56*資金模擬!$B$7/R56,0) | Z56: =IF(OR(Z55=1,R56<=資金模擬!$B$10),1,0)
A57: 55 | B57: 46293.408 | C57: 進場 | D57: 28 | E57: ELSA_USDT_PERP | F57: 做空 | G57: 0.06272 | H57: 0.0608384 | I57: 0.065856 | M57: =資金模擬!$B$5*V56 | N57: =IF(Z56=1,"已停止",IF(T56>=M57,"已下單","資金不足略過")) | O57: =IF(N57="已下單",M57*資金模擬!$B$7,0) | Q57: 0 | R57: =R56+Q57 | S57: =S56+IF(N57="已下單",M57,0) | T57: =R57-S57 | U57: =U56+IF(N57="已下單",1,0) | V57: =IF(資金模擬!$B$9=2,MAX(R57,0),MAX(V56,FLOOR(MAX(R57,0),資金模擬!$B$6))) | W57: =MAX(W56,R57) | X57: =IF(W57>0,R57/W57-1,-1) | Y57: =IF(R57>0,S57*資金模擬!$B$7/R57,0) | Z57: =IF(OR(Z56=1,R57<=資金模擬!$B$10),1,0)
A58: 56 | B58: 46293.416 | C58: 進場 | D58: 29 | E58: IRYS_USDT_PERP | F58: 做空 | G58: 0.02037 | H58: 0.0197589 | I58: 0.0213885 | M58: =資金模擬!$B$5*V57 | N58: =IF(Z57=1,"已停止",IF(T57>=M58,"已下單","資金不足略過")) | O58: =IF(N58="已下單",M58*資金模擬!$B$7,0) | Q58: 0 | R58: =R57+Q58 | S58: =S57+IF(N58="已下單",M58,0) | T58: =R58-S58 | U58: =U57+IF(N58="已下單",1,0) | V58: =IF(資金模擬!$B$9=2,MAX(R58,0),MAX(V57,FLOOR(MAX(R58,0),資金模擬!$B$6))) | W58: =MAX(W57,R58) | X58: =IF(W58>0,R58/W58-1,-1) | Y58: =IF(R58>0,S58*資金模擬!$B$7/R58,0) | Z58: =IF(OR(Z57=1,R58<=資金模擬!$B$10),1,0)
A59: 57 | B59: 46293.442 | C59: 出場 | D59: 28 | E59: ELSA_USDT_PERP | F59: 做空 | G59: 0.06272 | H59: 0.0608384 | I59: 0.065856 | J59: 0.0608384 | K59: 止盈 | L59: =交易明細!K29 | M59: =M57 | N59: =N57 | O59: =O57 | P59: =交易明細!L29 | Q59: =IF(N59="已下單",O59*P59,0) | R59: =R58+Q59 | S59: =S58-IF(N59="已下單",M59,0) | T59: =R59-S59 | U59: =U58-IF(N59="已下單",1,0) | V59: =IF(資金模擬!$B$9=2,MAX(R59,0),MAX(V58,FLOOR(MAX(R59,0),資金模擬!$B$6))) | W59: =MAX(W58,R59) | X59: =IF(W59>0,R59/W59-1,-1) | Y59: =IF(R59>0,S59*資金模擬!$B$7/R59,0) | Z59: =IF(OR(Z58=1,R59<=資金模擬!$B$10),1,0)
A60: 58 | B60: 46293.443 | C60: 出場 | D60: 29 | E60: IRYS_USDT_PERP | F60: 做空 | G60: 0.02037 | H60: 0.0197589 | I60: 0.0213885 | J60: 0.0197589 | K60: 止盈 | L60: =交易明細!K30 | M60: =M58 | N60: =N58 | O60: =O58 | P60: =交易明細!L30 | Q60: =IF(N60="已下單",O60*P60,0) | R60: =R59+Q60 | S60: =S59-IF(N60="已下單",M60,0) | T60: =R60-S60 | U60: =U59-IF(N60="已下單",1,0) | V60: =IF(資金模擬!$B$9=2,MAX(R60,0),MAX(V59,FLOOR(MAX(R60,0),資金模擬!$B$6))) | W60: =MAX(W59,R60) | X60: =IF(W60>0,R60/W60-1,-1) | Y60: =IF(R60>0,S60*資金模擬!$B$7/R60,0) | Z60: =IF(OR(Z59=1,R60<=資金模擬!$B$10),1,0)
A61: 59 | B61: 46293.561 | C61: 進場 | D61: 30 | E61: SOON_USDT_PERP | F61: 做空 | G61: 0.3642 | H61: 0.353274 | I61: 0.38241 | M61: =資金模擬!$B$5*V60 | N61: =IF(Z60=1,"已停止",IF(T60>=M61,"已下單","資金不足略過")) | O61: =IF(N61="已下單",M61*資金模擬!$B$7,0) | Q61: 0 | R61: =R60+Q61 | S61: =S60+IF(N61="已下單",M61,0) | T61: =R61-S61 | U61: =U60+IF(N61="已下單",1,0) | V61: =IF(資金模擬!$B$9=2,MAX(R61,0),MAX(V60,FLOOR(MAX(R61,0),資金模擬!$B$6))) | W61: =MAX(W60,R61) | X61: =IF(W61>0,R61/W61-1,-1) | Y61: =IF(R61>0,S61*資金模擬!$B$7/R61,0) | Z61: =IF(OR(Z60=1,R61<=資金模擬!$B$10),1,0)
A62: 60 | B62: 46293.568 | C62: 出場 | D62: 30 | E62: SOON_USDT_PERP | F62: 做空 | G62: 0.3642 | H62: 0.353274 | I62: 0.38241 | J62: 0.353274 | K62: 止盈 | L62: =交易明細!K31 | M62: =M61 | N62: =N61 | O62: =O61 | P62: =交易明細!L31 | Q62: =IF(N62="已下單",O62*P62,0) | R62: =R61+Q62 | S62: =S61-IF(N62="已下單",M62,0) | T62: =R62-S62 | U62: =U61-IF(N62="已下單",1,0) | V62: =IF(資金模擬!$B$9=2,MAX(R62,0),MAX(V61,FLOOR(MAX(R62,0),資金模擬!$B$6))) | W62: =MAX(W61,R62) | X62: =IF(W62>0,R62/W62-1,-1) | Y62: =IF(R62>0,S62*資金模擬!$B$7/R62,0) | Z62: =IF(OR(Z61=1,R62<=資金模擬!$B$10),1,0)
A63: 61 | B63: 46293.885 | C63: 進場 | D63: 31 | E63: ARX_USDT_PERP | F63: 做空 | G63: 0.275 | H63: 0.26675 | I63: 0.28875 | M63: =資金模擬!$B$5*V62 | N63: =IF(Z62=1,"已停止",IF(T62>=M63,"已下單","資金不足略過")) | O63: =IF(N63="已下單",M63*資金模擬!$B$7,0) | Q63: 0 | R63: =R62+Q63 | S63: =S62+IF(N63="已下單",M63,0) | T63: =R63-S63 | U63: =U62+IF(N63="已下單",1,0) | V63: =IF(資金模擬!$B$9=2,MAX(R63,0),MAX(V62,FLOOR(MAX(R63,0),資金模擬!$B$6))) | W63: =MAX(W62,R63) | X63: =IF(W63>0,R63/W63-1,-1) | Y63: =IF(R63>0,S63*資金模擬!$B$7/R63,0) | Z63: =IF(OR(Z62=1,R63<=資金模擬!$B$10),1,0)
A64: 62 | B64: 46293.892 | C64: 出場 | D64: 31 | E64: ARX_USDT_PERP | F64: 做空 | G64: 0.275 | H64: 0.26675 | I64: 0.28875 | J64: 0.26675 | K64: 止盈 | L64: =交易明細!K32 | M64: =M63 | N64: =N63 | O64: =O63 | P64: =交易明細!L32 | Q64: =IF(N64="已下單",O64*P64,0) | R64: =R63+Q64 | S64: =S63-IF(N64="已下單",M64,0) | T64: =R64-S64 | U64: =U63-IF(N64="已下單",1,0) | V64: =IF(資金模擬!$B$9=2,MAX(R64,0),MAX(V63,FLOOR(MAX(R64,0),資金模擬!$B$6))) | W64: =MAX(W63,R64) | X64: =IF(W64>0,R64/W64-1,-1) | Y64: =IF(R64>0,S64*資金模擬!$B$7/R64,0) | Z64: =IF(OR(Z63=1,R64<=資金模擬!$B$10),1,0)
A65: 63 | B65: 46294.051 | C65: 進場 | D65: 32 | E65: QNT_USDT_PERP | F65: 做空 | G65: 247.4 | H65: 239.978 | I65: 259.77 | M65: =資金模擬!$B$5*V64 | N65: =IF(Z64=1,"已停止",IF(T64>=M65,"已下單","資金不足略過")) | O65: =IF(N65="已下單",M65*資金模擬!$B$7,0) | Q65: 0 | R65: =R64+Q65 | S65: =S64+IF(N65="已下單",M65,0) | T65: =R65-S65 | U65: =U64+IF(N65="已下單",1,0) | V65: =IF(資金模擬!$B$9=2,MAX(R65,0),MAX(V64,FLOOR(MAX(R65,0),資金模擬!$B$6))) | W65: =MAX(W64,R65) | X65: =IF(W65>0,R65/W65-1,-1) | Y65: =IF(R65>0,S65*資金模擬!$B$7/R65,0) | Z65: =IF(OR(Z64=1,R65<=資金模擬!$B$10),1,0)
A66: 64 | B66: 46294.097 | C66: 出場 | D66: 32 | E66: QNT_USDT_PERP | F66: 做空 | G66: 247.4 | H66: 239.978 | I66: 259.77 | J66: 239.978 | K66: 止盈 | L66: =交易明細!K33 | M66: =M65 | N66: =N65 | O66: =O65 | P66: =交易明細!L33 | Q66: =IF(N66="已下單",O66*P66,0) | R66: =R65+Q66 | S66: =S65-IF(N66="已下單",M66,0) | T66: =R66-S66 | U66: =U65-IF(N66="已下單",1,0) | V66: =IF(資金模擬!$B$9=2,MAX(R66,0),MAX(V65,FLOOR(MAX(R66,0),資金模擬!$B$6))) | W66: =MAX(W65,R66) | X66: =IF(W66>0,R66/W66-1,-1) | Y66: =IF(R66>0,S66*資金模擬!$B$7/R66,0) | Z66: =IF(OR(Z65=1,R66<=資金模擬!$B$10),1,0)
A67: 65 | B67: 46294.285 | C67: 進場 | D67: 33 | E67: NMR_USDT_PERP | F67: 做空 | G67: 14.451 | H67: 14.01747 | I67: 15.17355 | M67: =資金模擬!$B$5*V66 | N67: =IF(Z66=1,"已停止",IF(T66>=M67,"已下單","資金不足略過")) | O67: =IF(N67="已下單",M67*資金模擬!$B$7,0) | Q67: 0 | R67: =R66+Q67 | S67: =S66+IF(N67="已下單",M67,0) | T67: =R67-S67 | U67: =U66+IF(N67="已下單",1,0) | V67: =IF(資金模擬!$B$9=2,MAX(R67,0),MAX(V66,FLOOR(MAX(R67,0),資金模擬!$B$6))) | W67: =MAX(W66,R67) | X67: =IF(W67>0,R67/W67-1,-1) | Y67: =IF(R67>0,S67*資金模擬!$B$7/R67,0) | Z67: =IF(OR(Z66=1,R67<=資金模擬!$B$10),1,0)
A68: 66 | B68: 46294.317 | C68: 出場 | D68: 33 | E68: NMR_USDT_PERP | F68: 做空 | G68: 14.451 | H68: 14.01747 | I68: 15.17355 | J68: 15.17355 | K68: 止損 | L68: =交易明細!K34 | M68: =M67 | N68: =N67 | O68: =O67 | P68: =交易明細!L34 | Q68: =IF(N68="已下單",O68*P68,0) | R68: =R67+Q68 | S68: =S67-IF(N68="已下單",M68,0) | T68: =R68-S68 | U68: =U67-IF(N68="已下單",1,0) | V68: =IF(資金模擬!$B$9=2,MAX(R68,0),MAX(V67,FLOOR(MAX(R68,0),資金模擬!$B$6))) | W68: =MAX(W67,R68) | X68: =IF(W68>0,R68/W68-1,-1) | Y68: =IF(R68>0,S68*資金模擬!$B$7/R68,0) | Z68: =IF(OR(Z67=1,R68<=資金模擬!$B$10),1,0)
A69: 67 | B69: 46294.846 | C69: 進場 | D69: 34 | E69: PUMP_USDT_PERP | F69: 做空 | G69: 0.005687 | H69: 0.00551639 | I69: 0.00597135 | M69: =資金模擬!$B$5*V68 | N69: =IF(Z68=1,"已停止",IF(T68>=M69,"已下單","資金不足略過")) | O69: =IF(N69="已下單",M69*資金模擬!$B$7,0) | Q69: 0 | R69: =R68+Q69 | S69: =S68+IF(N69="已下單",M69,0) | T69: =R69-S69 | U69: =U68+IF(N69="已下單",1,0) | V69: =IF(資金模擬!$B$9=2,MAX(R69,0),MAX(V68,FLOOR(MAX(R69,0),資金模擬!$B$6))) | W69: =MAX(W68,R69) | X69: =IF(W69>0,R69/W69-1,-1) | Y69: =IF(R69>0,S69*資金模擬!$B$7/R69,0) | Z69: =IF(OR(Z68=1,R69<=資金模擬!$B$10),1,0)
A70: 68 | B70: 46295.133 | C70: 進場 | D70: 35 | E70: MOVR_USDT_PERP | F70: 做空 | G70: 1.17 | H70: 1.1349 | I70: 1.2285 | M70: =資金模擬!$B$5*V69 | N70: =IF(Z69=1,"已停止",IF(T69>=M70,"已下單","資金不足略過")) | O70: =IF(N70="已下單",M70*資金模擬!$B$7,0) | Q70: 0 | R70: =R69+Q70 | S70: =S69+IF(N70="已下單",M70,0) | T70: =R70-S70 | U70: =U69+IF(N70="已下單",1,0) | V70: =IF(資金模擬!$B$9=2,MAX(R70,0),MAX(V69,FLOOR(MAX(R70,0),資金模擬!$B$6))) | W70: =MAX(W69,R70) | X70: =IF(W70>0,R70/W70-1,-1) | Y70: =IF(R70>0,S70*資金模擬!$B$7/R70,0) | Z70: =IF(OR(Z69=1,R70<=資金模擬!$B$10),1,0)
A71: 69 | B71: 46295.144 | C71: 出場 | D71: 34 | E71: PUMP_USDT_PERP | F71: 做空 | G71: 0.005687 | H71: 0.00551639 | I71: 0.00597135 | J71: 0.00597135 | K71: 止損 | L71: =交易明細!K35 | M71: =M69 | N71: =N69 | O71: =O69 | P71: =交易明細!L35 | Q71: =IF(N71="已下單",O71*P71,0) | R71: =R70+Q71 | S71: =S70-IF(N71="已下單",M71,0) | T71: =R71-S71 | U71: =U70-IF(N71="已下單",1,0) | V71: =IF(資金模擬!$B$9=2,MAX(R71,0),MAX(V70,FLOOR(MAX(R71,0),資金模擬!$B$6))) | W71: =MAX(W70,R71) | X71: =IF(W71>0,R71/W71-1,-1) | Y71: =IF(R71>0,S71*資金模擬!$B$7/R71,0) | Z71: =IF(OR(Z70=1,R71<=資金模擬!$B$10),1,0)
A72: 70 | B72: 46295.189 | C72: 出場 | D72: 35 | E72: MOVR_USDT_PERP | F72: 做空 | G72: 1.17 | H72: 1.1349 | I72: 1.2285 | J72: 1.1349 | K72: 止盈 | L72: =交易明細!K36 | M72: =M70 | N72: =N70 | O72: =O70 | P72: =交易明細!L36 | Q72: =IF(N72="已下單",O72*P72,0) | R72: =R71+Q72 | S72: =S71-IF(N72="已下單",M72,0) | T72: =R72-S72 | U72: =U71-IF(N72="已下單",1,0) | V72: =IF(資金模擬!$B$9=2,MAX(R72,0),MAX(V71,FLOOR(MAX(R72,0),資金模擬!$B$6))) | W72: =MAX(W71,R72) | X72: =IF(W72>0,R72/W72-1,-1) | Y72: =IF(R72>0,S72*資金模擬!$B$7/R72,0) | Z72: =IF(OR(Z71=1,R72<=資金模擬!$B$10),1,0)
A73: 71 | B73: 46295.419 | C73: 進場 | D73: 36 | E73: MEW_USDT_PERP | F73: 做空 | G73: 0.000573 | H73: 0.00055581 | I73: 0.00060165 | M73: =資金模擬!$B$5*V72 | N73: =IF(Z72=1,"已停止",IF(T72>=M73,"已下單","資金不足略過")) | O73: =IF(N73="已下單",M73*資金模擬!$B$7,0) | Q73: 0 | R73: =R72+Q73 | S73: =S72+IF(N73="已下單",M73,0) | T73: =R73-S73 | U73: =U72+IF(N73="已下單",1,0) | V73: =IF(資金模擬!$B$9=2,MAX(R73,0),MAX(V72,FLOOR(MAX(R73,0),資金模擬!$B$6))) | W73: =MAX(W72,R73) | X73: =IF(W73>0,R73/W73-1,-1) | Y73: =IF(R73>0,S73*資金模擬!$B$7/R73,0) | Z73: =IF(OR(Z72=1,R73<=資金模擬!$B$10),1,0)
A74: 72 | B74: 46295.42 | C74: 進場 | D74: 37 | E74: US_USDT_PERP | F74: 做空 | G74: 0.01887 | H74: 0.0183039 | I74: 0.0198135 | M74: =資金模擬!$B$5*V73 | N74: =IF(Z73=1,"已停止",IF(T73>=M74,"已下單","資金不足略過")) | O74: =IF(N74="已下單",M74*資金模擬!$B$7,0) | Q74: 0 | R74: =R73+Q74 | S74: =S73+IF(N74="已下單",M74,0) | T74: =R74-S74 | U74: =U73+IF(N74="已下單",1,0) | V74: =IF(資金模擬!$B$9=2,MAX(R74,0),MAX(V73,FLOOR(MAX(R74,0),資金模擬!$B$6))) | W74: =MAX(W73,R74) | X74: =IF(W74>0,R74/W74-1,-1) | Y74: =IF(R74>0,S74*資金模擬!$B$7/R74,0) | Z74: =IF(OR(Z73=1,R74<=資金模擬!$B$10),1,0)
A75: 73 | B75: 46295.426 | C75: 出場 | D75: 37 | E75: US_USDT_PERP | F75: 做空 | G75: 0.01887 | H75: 0.0183039 | I75: 0.0198135 | J75: 0.0183039 | K75: 止盈 | L75: =交易明細!K38 | M75: =M74 | N75: =N74 | O75: =O74 | P75: =交易明細!L38 | Q75: =IF(N75="已下單",O75*P75,0) | R75: =R74+Q75 | S75: =S74-IF(N75="已下單",M75,0) | T75: =R75-S75 | U75: =U74-IF(N75="已下單",1,0) | V75: =IF(資金模擬!$B$9=2,MAX(R75,0),MAX(V74,FLOOR(MAX(R75,0),資金模擬!$B$6))) | W75: =MAX(W74,R75) | X75: =IF(W75>0,R75/W75-1,-1) | Y75: =IF(R75>0,S75*資金模擬!$B$7/R75,0) | Z75: =IF(OR(Z74=1,R75<=資金模擬!$B$10),1,0)
A76: 74 | B76: 46295.466 | C76: 進場 | D76: 38 | E76: SOON_USDT_PERP | F76: 做空 | G76: 0.4264 | H76: 0.413608 | I76: 0.44772 | M76: =資金模擬!$B$5*V75 | N76: =IF(Z75=1,"已停止",IF(T75>=M76,"已下單","資金不足略過")) | O76: =IF(N76="已下單",M76*資金模擬!$B$7,0) | Q76: 0 | R76: =R75+Q76 | S76: =S75+IF(N76="已下單",M76,0) | T76: =R76-S76 | U76: =U75+IF(N76="已下單",1,0) | V76: =IF(資金模擬!$B$9=2,MAX(R76,0),MAX(V75,FLOOR(MAX(R76,0),資金模擬!$B$6))) | W76: =MAX(W75,R76) | X76: =IF(W76>0,R76/W76-1,-1) | Y76: =IF(R76>0,S76*資金模擬!$B$7/R76,0) | Z76: =IF(OR(Z75=1,R76<=資金模擬!$B$10),1,0)
A77: 75 | B77: 46295.472 | C77: 出場 | D77: 36 | E77: MEW_USDT_PERP | F77: 做空 | G77: 0.000573 | H77: 0.00055581 | I77: 0.00060165 | J77: 0.00055581 | K77: 止盈 | L77: =交易明細!K37 | M77: =M73 | N77: =N73 | O77: =O73 | P77: =交易明細!L37 | Q77: =IF(N77="已下單",O77*P77,0) | R77: =R76+Q77 | S77: =S76-IF(N77="已下單",M77,0) | T77: =R77-S77 | U77: =U76-IF(N77="已下單",1,0) | V77: =IF(資金模擬!$B$9=2,MAX(R77,0),MAX(V76,FLOOR(MAX(R77,0),資金模擬!$B$6))) | W77: =MAX(W76,R77) | X77: =IF(W77>0,R77/W77-1,-1) | Y77: =IF(R77>0,S77*資金模擬!$B$7/R77,0) | Z77: =IF(OR(Z76=1,R77<=資金模擬!$B$10),1,0)
A78: 76 | B78: 46295.474 | C78: 出場 | D78: 38 | E78: SOON_USDT_PERP | F78: 做空 | G78: 0.4264 | H78: 0.413608 | I78: 0.44772 | J78: 0.413608 | K78: 止盈 | L78: =交易明細!K39 | M78: =M76 | N78: =N76 | O78: =O76 | P78: =交易明細!L39 | Q78: =IF(N78="已下單",O78*P78,0) | R78: =R77+Q78 | S78: =S77-IF(N78="已下單",M78,0) | T78: =R78-S78 | U78: =U77-IF(N78="已下單",1,0) | V78: =IF(資金模擬!$B$9=2,MAX(R78,0),MAX(V77,FLOOR(MAX(R78,0),資金模擬!$B$6))) | W78: =MAX(W77,R78) | X78: =IF(W78>0,R78/W78-1,-1) | Y78: =IF(R78>0,S78*資金模擬!$B$7/R78,0) | Z78: =IF(OR(Z77=1,R78<=資金模擬!$B$10),1,0)
A79: 77 | B79: 46295.712 | C79: 進場 | D79: 39 | E79: AKE_USDT_PERP | F79: 做空 | G79: 0.0354337 | H79: 0.034370689 | I79: 0.037205385 | M79: =資金模擬!$B$5*V78 | N79: =IF(Z78=1,"已停止",IF(T78>=M79,"已下單","資金不足略過")) | O79: =IF(N79="已下單",M79*資金模擬!$B$7,0) | Q79: 0 | R79: =R78+Q79 | S79: =S78+IF(N79="已下單",M79,0) | T79: =R79-S79 | U79: =U78+IF(N79="已下單",1,0) | V79: =IF(資金模擬!$B$9=2,MAX(R79,0),MAX(V78,FLOOR(MAX(R79,0),資金模擬!$B$6))) | W79: =MAX(W78,R79) | X79: =IF(W79>0,R79/W79-1,-1) | Y79: =IF(R79>0,S79*資金模擬!$B$7/R79,0) | Z79: =IF(OR(Z78=1,R79<=資金模擬!$B$10),1,0)
A80: 78 | B80: 46295.716 | C80: 出場 | D80: 39 | E80: AKE_USDT_PERP | F80: 做空 | G80: 0.0354337 | H80: 0.034370689 | I80: 0.037205385 | J80: 0.037205385 | K80: 止損 | L80: =交易明細!K40 | M80: =M79 | N80: =N79 | O80: =O79 | P80: =交易明細!L40 | Q80: =IF(N80="已下單",O80*P80,0) | R80: =R79+Q80 | S80: =S79-IF(N80="已下單",M80,0) | T80: =R80-S80 | U80: =U79-IF(N80="已下單",1,0) | V80: =IF(資金模擬!$B$9=2,MAX(R80,0),MAX(V79,FLOOR(MAX(R80,0),資金模擬!$B$6))) | W80: =MAX(W79,R80) | X80: =IF(W80>0,R80/W80-1,-1) | Y80: =IF(R80>0,S80*資金模擬!$B$7/R80,0) | Z80: =IF(OR(Z79=1,R80<=資金模擬!$B$10),1,0)
A81: 79 | B81: 46295.837 | C81: 進場 | D81: 40 | E81: PROS_USDT_PERP | F81: 做空 | G81: 0.7494 | H81: 0.726918 | I81: 0.78687 | M81: =資金模擬!$B$5*V80 | N81: =IF(Z80=1,"已停止",IF(T80>=M81,"已下單","資金不足略過")) | O81: =IF(N81="已下單",M81*資金模擬!$B$7,0) | Q81: 0 | R81: =R80+Q81 | S81: =S80+IF(N81="已下單",M81,0) | T81: =R81-S81 | U81: =U80+IF(N81="已下單",1,0) | V81: =IF(資金模擬!$B$9=2,MAX(R81,0),MAX(V80,FLOOR(MAX(R81,0),資金模擬!$B$6))) | W81: =MAX(W80,R81) | X81: =IF(W81>0,R81/W81-1,-1) | Y81: =IF(R81>0,S81*資金模擬!$B$7/R81,0) | Z81: =IF(OR(Z80=1,R81<=資金模擬!$B$10),1,0)
A82: 80 | B82: 46295.865 | C82: 進場 | D82: 41 | E82: US_USDT_PERP | F82: 做空 | G82: 0.02259 | H82: 0.0219123 | I82: 0.0237195 | M82: =資金模擬!$B$5*V81 | N82: =IF(Z81=1,"已停止",IF(T81>=M82,"已下單","資金不足略過")) | O82: =IF(N82="已下單",M82*資金模擬!$B$7,0) | Q82: 0 | R82: =R81+Q82 | S82: =S81+IF(N82="已下單",M82,0) | T82: =R82-S82 | U82: =U81+IF(N82="已下單",1,0) | V82: =IF(資金模擬!$B$9=2,MAX(R82,0),MAX(V81,FLOOR(MAX(R82,0),資金模擬!$B$6))) | W82: =MAX(W81,R82) | X82: =IF(W82>0,R82/W82-1,-1) | Y82: =IF(R82>0,S82*資金模擬!$B$7/R82,0) | Z82: =IF(OR(Z81=1,R82<=資金模擬!$B$10),1,0)
A83: 81 | B83: 46295.894 | C83: 進場 | D83: 42 | E83: USELESS_USDT_PERP | F83: 做空 | G83: 0.25901 | H83: 0.2512397 | I83: 0.2719605 | M83: =資金模擬!$B$5*V82 | N83: =IF(Z82=1,"已停止",IF(T82>=M83,"已下單","資金不足略過")) | O83: =IF(N83="已下單",M83*資金模擬!$B$7,0) | Q83: 0 | R83: =R82+Q83 | S83: =S82+IF(N83="已下單",M83,0) | T83: =R83-S83 | U83: =U82+IF(N83="已下單",1,0) | V83: =IF(資金模擬!$B$9=2,MAX(R83,0),MAX(V82,FLOOR(MAX(R83,0),資金模擬!$B$6))) | W83: =MAX(W82,R83) | X83: =IF(W83>0,R83/W83-1,-1) | Y83: =IF(R83>0,S83*資金模擬!$B$7/R83,0) | Z83: =IF(OR(Z82=1,R83<=資金模擬!$B$10),1,0)
A84: 82 | B84: 46295.897 | C84: 出場 | D84: 41 | E84: US_USDT_PERP | F84: 做空 | G84: 0.02259 | H84: 0.0219123 | I84: 0.0237195 | J84: 0.0237195 | K84: 止損 | L84: =交易明細!K42 | M84: =M82 | N84: =N82 | O84: =O82 | P84: =交易明細!L42 | Q84: =IF(N84="已下單",O84*P84,0) | R84: =R83+Q84 | S84: =S83-IF(N84="已下單",M84,0) | T84: =R84-S84 | U84: =U83-IF(N84="已下單",1,0) | V84: =IF(資金模擬!$B$9=2,MAX(R84,0),MAX(V83,FLOOR(MAX(R84,0),資金模擬!$B$6))) | W84: =MAX(W83,R84) | X84: =IF(W84>0,R84/W84-1,-1) | Y84: =IF(R84>0,S84*資金模擬!$B$7/R84,0) | Z84: =IF(OR(Z83=1,R84<=資金模擬!$B$10),1,0)
A85: 83 | B85: 46295.9 | C85: 出場 | D85: 42 | E85: USELESS_USDT_PERP | F85: 做空 | G85: 0.25901 | H85: 0.2512397 | I85: 0.2719605 | J85: 0.2512397 | K85: 止盈 | L85: =交易明細!K43 | M85: =M83 | N85: =N83 | O85: =O83 | P85: =交易明細!L43 | Q85: =IF(N85="已下單",O85*P85,0) | R85: =R84+Q85 | S85: =S84-IF(N85="已下單",M85,0) | T85: =R85-S85 | U85: =U84-IF(N85="已下單",1,0) | V85: =IF(資金模擬!$B$9=2,MAX(R85,0),MAX(V84,FLOOR(MAX(R85,0),資金模擬!$B$6))) | W85: =MAX(W84,R85) | X85: =IF(W85>0,R85/W85-1,-1) | Y85: =IF(R85>0,S85*資金模擬!$B$7/R85,0) | Z85: =IF(OR(Z84=1,R85<=資金模擬!$B$10),1,0)
A86: 84 | B86: 46295.939 | C86: 出場 | D86: 40 | E86: PROS_USDT_PERP | F86: 做空 | G86: 0.7494 | H86: 0.726918 | I86: 0.78687 | J86: 0.726918 | K86: 止盈 | L86: =交易明細!K41 | M86: =M81 | N86: =N81 | O86: =O81 | P86: =交易明細!L41 | Q86: =IF(N86="已下單",O86*P86,0) | R86: =R85+Q86 | S86: =S85-IF(N86="已下單",M86,0) | T86: =R86-S86 | U86: =U85-IF(N86="已下單",1,0) | V86: =IF(資金模擬!$B$9=2,MAX(R86,0),MAX(V85,FLOOR(MAX(R86,0),資金模擬!$B$6))) | W86: =MAX(W85,R86) | X86: =IF(W86>0,R86/W86-1,-1) | Y86: =IF(R86>0,S86*資金模擬!$B$7/R86,0) | Z86: =IF(OR(Z85=1,R86<=資金模擬!$B$10),1,0)
A87: 85 | B87: 46296.593 | C87: 進場 | D87: 43 | E87: NOM_USDT_PERP | F87: 做空 | G87: 0.002603 | H87: 0.00252491 | I87: 0.00273315 | M87: =資金模擬!$B$5*V86 | N87: =IF(Z86=1,"已停止",IF(T86>=M87,"已下單","資金不足略過")) | O87: =IF(N87="已下單",M87*資金模擬!$B$7,0) | Q87: 0 | R87: =R86+Q87 | S87: =S86+IF(N87="已下單",M87,0) | T87: =R87-S87 | U87: =U86+IF(N87="已下單",1,0) | V87: =IF(資金模擬!$B$9=2,MAX(R87,0),MAX(V86,FLOOR(MAX(R87,0),資金模擬!$B$6))) | W87: =MAX(W86,R87) | X87: =IF(W87>0,R87/W87-1,-1) | Y87: =IF(R87>0,S87*資金模擬!$B$7/R87,0) | Z87: =IF(OR(Z86=1,R87<=資金模擬!$B$10),1,0)
A88: 86 | B88: 46296.61 | C88: 出場 | D88: 43 | E88: NOM_USDT_PERP | F88: 做空 | G88: 0.002603 | H88: 0.00252491 | I88: 0.00273315 | J88: 0.00252491 | K88: 止盈 | L88: =交易明細!K44 | M88: =M87 | N88: =N87 | O88: =O87 | P88: =交易明細!L44 | Q88: =IF(N88="已下單",O88*P88,0) | R88: =R87+Q88 | S88: =S87-IF(N88="已下單",M88,0) | T88: =R88-S88 | U88: =U87-IF(N88="已下單",1,0) | V88: =IF(資金模擬!$B$9=2,MAX(R88,0),MAX(V87,FLOOR(MAX(R88,0),資金模擬!$B$6))) | W88: =MAX(W87,R88) | X88: =IF(W88>0,R88/W88-1,-1) | Y88: =IF(R88>0,S88*資金模擬!$B$7/R88,0) | Z88: =IF(OR(Z87=1,R88<=資金模擬!$B$10),1,0)
A89: 87 | B89: 46296.712 | C89: 進場 | D89: 44 | E89: NOM_USDT_PERP | F89: 做空 | G89: 0.003145 | H89: 0.00305065 | I89: 0.00330225 | M89: =資金模擬!$B$5*V88 | N89: =IF(Z88=1,"已停止",IF(T88>=M89,"已下單","資金不足略過")) | O89: =IF(N89="已下單",M89*資金模擬!$B$7,0) | Q89: 0 | R89: =R88+Q89 | S89: =S88+IF(N89="已下單",M89,0) | T89: =R89-S89 | U89: =U88+IF(N89="已下單",1,0) | V89: =IF(資金模擬!$B$9=2,MAX(R89,0),MAX(V88,FLOOR(MAX(R89,0),資金模擬!$B$6))) | W89: =MAX(W88,R89) | X89: =IF(W89>0,R89/W89-1,-1) | Y89: =IF(R89>0,S89*資金模擬!$B$7/R89,0) | Z89: =IF(OR(Z88=1,R89<=資金模擬!$B$10),1,0)
A90: 88 | B90: 46296.73 | C90: 出場 | D90: 44 | E90: NOM_USDT_PERP | F90: 做空 | G90: 0.003145 | H90: 0.00305065 | I90: 0.00330225 | J90: 0.00305065 | K90: 止盈 | L90: =交易明細!K45 | M90: =M89 | N90: =N89 | O90: =O89 | P90: =交易明細!L45 | Q90: =IF(N90="已下單",O90*P90,0) | R90: =R89+Q90 | S90: =S89-IF(N90="已下單",M90,0) | T90: =R90-S90 | U90: =U89-IF(N90="已下單",1,0) | V90: =IF(資金模擬!$B$9=2,MAX(R90,0),MAX(V89,FLOOR(MAX(R90,0),資金模擬!$B$6))) | W90: =MAX(W89,R90) | X90: =IF(W90>0,R90/W90-1,-1) | Y90: =IF(R90>0,S90*資金模擬!$B$7/R90,0) | Z90: =IF(OR(Z89=1,R90<=資金模擬!$B$10),1,0)
A91: 89 | B91: 46297.008 | C91: 進場 | D91: 45 | E91: MEGA_USDT_PERP | F91: 做空 | G91: 0.05286 | H91: 0.0512742 | I91: 0.055503 | M91: =資金模擬!$B$5*V90 | N91: =IF(Z90=1,"已停止",IF(T90>=M91,"已下單","資金不足略過")) | O91: =IF(N91="已下單",M91*資金模擬!$B$7,0) | Q91: 0 | R91: =R90+Q91 | S91: =S90+IF(N91="已下單",M91,0) | T91: =R91-S91 | U91: =U90+IF(N91="已下單",1,0) | V91: =IF(資金模擬!$B$9=2,MAX(R91,0),MAX(V90,FLOOR(MAX(R91,0),資金模擬!$B$6))) | W91: =MAX(W90,R91) | X91: =IF(W91>0,R91/W91-1,-1) | Y91: =IF(R91>0,S91*資金模擬!$B$7/R91,0) | Z91: =IF(OR(Z90=1,R91<=資金模擬!$B$10),1,0)
A92: 90 | B92: 46297.012 | C92: 出場 | D92: 45 | E92: MEGA_USDT_PERP | F92: 做空 | G92: 0.05286 | H92: 0.0512742 | I92: 0.055503 | J92: 0.0512742 | K92: 止盈 | L92: =交易明細!K46 | M92: =M91 | N92: =N91 | O92: =O91 | P92: =交易明細!L46 | Q92: =IF(N92="已下單",O92*P92,0) | R92: =R91+Q92 | S92: =S91-IF(N92="已下單",M92,0) | T92: =R92-S92 | U92: =U91-IF(N92="已下單",1,0) | V92: =IF(資金模擬!$B$9=2,MAX(R92,0),MAX(V91,FLOOR(MAX(R92,0),資金模擬!$B$6))) | W92: =MAX(W91,R92) | X92: =IF(W92>0,R92/W92-1,-1) | Y92: =IF(R92>0,S92*資金模擬!$B$7/R92,0) | Z92: =IF(OR(Z91=1,R92<=資金模擬!$B$10),1,0)
A93: 91 | B93: 46297.049 | C93: 進場 | D93: 46 | E93: MAGMA_USDT_PERP | F93: 做空 | G93: 0.22721 | H93: 0.2203937 | I93: 0.2385705 | M93: =資金模擬!$B$5*V92 | N93: =IF(Z92=1,"已停止",IF(T92>=M93,"已下單","資金不足略過")) | O93: =IF(N93="已下單",M93*資金模擬!$B$7,0) | Q93: 0 | R93: =R92+Q93 | S93: =S92+IF(N93="已下單",M93,0) | T93: =R93-S93 | U93: =U92+IF(N93="已下單",1,0) | V93: =IF(資金模擬!$B$9=2,MAX(R93,0),MAX(V92,FLOOR(MAX(R93,0),資金模擬!$B$6))) | W93: =MAX(W92,R93) | X93: =IF(W93>0,R93/W93-1,-1) | Y93: =IF(R93>0,S93*資金模擬!$B$7/R93,0) | Z93: =IF(OR(Z92=1,R93<=資金模擬!$B$10),1,0)
A94: 92 | B94: 46297.064 | C94: 出場 | D94: 46 | E94: MAGMA_USDT_PERP | F94: 做空 | G94: 0.22721 | H94: 0.2203937 | I94: 0.2385705 | J94: 0.2385705 | K94: 止損 | L94: =交易明細!K47 | M94: =M93 | N94: =N93 | O94: =O93 | P94: =交易明細!L47 | Q94: =IF(N94="已下單",O94*P94,0) | R94: =R93+Q94 | S94: =S93-IF(N94="已下單",M94,0) | T94: =R94-S94 | U94: =U93-IF(N94="已下單",1,0) | V94: =IF(資金模擬!$B$9=2,MAX(R94,0),MAX(V93,FLOOR(MAX(R94,0),資金模擬!$B$6))) | W94: =MAX(W93,R94) | X94: =IF(W94>0,R94/W94-1,-1) | Y94: =IF(R94>0,S94*資金模擬!$B$7/R94,0) | Z94: =IF(OR(Z93=1,R94<=資金模擬!$B$10),1,0)
A95: 93 | B95: 46297.135 | C95: 進場 | D95: 47 | E95: MOVR_USDT_PERP | F95: 做空 | G95: 3.172 | H95: 3.07684 | I95: 3.3306 | M95: =資金模擬!$B$5*V94 | N95: =IF(Z94=1,"已停止",IF(T94>=M95,"已下單","資金不足略過")) | O95: =IF(N95="已下單",M95*資金模擬!$B$7,0) | Q95: 0 | R95: =R94+Q95 | S95: =S94+IF(N95="已下單",M95,0) | T95: =R95-S95 | U95: =U94+IF(N95="已下單",1,0) | V95: =IF(資金模擬!$B$9=2,MAX(R95,0),MAX(V94,FLOOR(MAX(R95,0),資金模擬!$B$6))) | W95: =MAX(W94,R95) | X95: =IF(W95>0,R95/W95-1,-1) | Y95: =IF(R95>0,S95*資金模擬!$B$7/R95,0) | Z95: =IF(OR(Z94=1,R95<=資金模擬!$B$10),1,0)
A96: 94 | B96: 46297.139 | C96: 出場 | D96: 47 | E96: MOVR_USDT_PERP | F96: 做空 | G96: 3.172 | H96: 3.07684 | I96: 3.3306 | J96: 3.07684 | K96: 止盈 | L96: =交易明細!K48 | M96: =M95 | N96: =N95 | O96: =O95 | P96: =交易明細!L48 | Q96: =IF(N96="已下單",O96*P96,0) | R96: =R95+Q96 | S96: =S95-IF(N96="已下單",M96,0) | T96: =R96-S96 | U96: =U95-IF(N96="已下單",1,0) | V96: =IF(資金模擬!$B$9=2,MAX(R96,0),MAX(V95,FLOOR(MAX(R96,0),資金模擬!$B$6))) | W96: =MAX(W95,R96) | X96: =IF(W96>0,R96/W96-1,-1) | Y96: =IF(R96>0,S96*資金模擬!$B$7/R96,0) | Z96: =IF(OR(Z95=1,R96<=資金模擬!$B$10),1,0)
A97: 95 | B97: 46297.425 | C97: 進場 | D97: 48 | E97: US_USDT_PERP | F97: 做空 | G97: 0.03393 | H97: 0.0329121 | I97: 0.0356265 | M97: =資金模擬!$B$5*V96 | N97: =IF(Z96=1,"已停止",IF(T96>=M97,"已下單","資金不足略過")) | O97: =IF(N97="已下單",M97*資金模擬!$B$7,0) | Q97: 0 | R97: =R96+Q97 | S97: =S96+IF(N97="已下單",M97,0) | T97: =R97-S97 | U97: =U96+IF(N97="已下單",1,0) | V97: =IF(資金模擬!$B$9=2,MAX(R97,0),MAX(V96,FLOOR(MAX(R97,0),資金模擬!$B$6))) | W97: =MAX(W96,R97) | X97: =IF(W97>0,R97/W97-1,-1) | Y97: =IF(R97>0,S97*資金模擬!$B$7/R97,0) | Z97: =IF(OR(Z96=1,R97<=資金模擬!$B$10),1,0)
A98: 96 | B98: 46297.431 | C98: 出場 | D98: 48 | E98: US_USDT_PERP | F98: 做空 | G98: 0.03393 | H98: 0.0329121 | I98: 0.0356265 | J98: 0.0356265 | K98: 止損 | L98: =交易明細!K49 | M98: =M97 | N98: =N97 | O98: =O97 | P98: =交易明細!L49 | Q98: =IF(N98="已下單",O98*P98,0) | R98: =R97+Q98 | S98: =S97-IF(N98="已下單",M98,0) | T98: =R98-S98 | U98: =U97-IF(N98="已下單",1,0) | V98: =IF(資金模擬!$B$9=2,MAX(R98,0),MAX(V97,FLOOR(MAX(R98,0),資金模擬!$B$6))) | W98: =MAX(W97,R98) | X98: =IF(W98>0,R98/W98-1,-1) | Y98: =IF(R98>0,S98*資金模擬!$B$7/R98,0) | Z98: =IF(OR(Z97=1,R98<=資金模擬!$B$10),1,0)
A99: 97 | B99: 46297.892 | C99: 進場 | D99: 49 | E99: NIGHT_USDT_PERP | F99: 做空 | G99: 0.04902 | H99: 0.0475494 | I99: 0.051471 | M99: =資金模擬!$B$5*V98 | N99: =IF(Z98=1,"已停止",IF(T98>=M99,"已下單","資金不足略過")) | O99: =IF(N99="已下單",M99*資金模擬!$B$7,0) | Q99: 0 | R99: =R98+Q99 | S99: =S98+IF(N99="已下單",M99,0) | T99: =R99-S99 | U99: =U98+IF(N99="已下單",1,0) | V99: =IF(資金模擬!$B$9=2,MAX(R99,0),MAX(V98,FLOOR(MAX(R99,0),資金模擬!$B$6))) | W99: =MAX(W98,R99) | X99: =IF(W99>0,R99/W99-1,-1) | Y99: =IF(R99>0,S99*資金模擬!$B$7/R99,0) | Z99: =IF(OR(Z98=1,R99<=資金模擬!$B$10),1,0)
A100: 98 | B100: 46297.91 | C100: 出場 | D100: 49 | E100: NIGHT_USDT_PERP | F100: 做空 | G100: 0.04902 | H100: 0.0475494 | I100: 0.051471 | J100: 0.0475494 | K100: 止盈 | L100: =交易明細!K50 | M100: =M99 | N100: =N99 | O100: =O99 | P100: =交易明細!L50 | Q100: =IF(N100="已下單",O100*P100,0) | R100: =R99+Q100 | S100: =S99-IF(N100="已下單",M100,0) | T100: =R100-S100 | U100: =U99-IF(N100="已下單",1,0) | V100: =IF(資金模擬!$B$9=2,MAX(R100,0),MAX(V99,FLOOR(MAX(R100,0),資金模擬!$B$6))) | W100: =MAX(W99,R100) | X100: =IF(W100>0,R100/W100-1,-1) | Y100: =IF(R100>0,S100*資金模擬!$B$7/R100,0) | Z100: =IF(OR(Z99=1,R100<=資金模擬!$B$10),1,0)
...

Sheet 參數
A1: 項目 | B1: 數值 | C1: 說明
A2: 市場 | B2: PERP | C2: PERP=永續合約 / SPOT=現貨
A3: 回測區間 | B3: 2026-09-01 00:00 ~ 2026-10-07 22:02（Dry Run） | C3: 台北時間
A4: K棒週期 | B4: 條件看 1 小時K（整點切）；進出場用 1 分K | C4: 每根 1 分K 收盤檢查一次 ≈ 每分鐘掃描
A5: 止盈 | B5: 0.03 | C5: 做空：價格下跌此比例
A6: 止損 | B6: 0.05 | C6: 做空：價格上漲此比例（= 群組第 1 次加倉點）
A7: 單邊手續費 | B7: 0.0005 | C7: 進場、出場各扣一次（可直接改此格，報酬率會重算）
A8: 策略 | B8: 策略5 — 群組訊號複製（只做空） | C8: 目標是複製群組訊號，不是追求勝率
A9: ① 前根收盤比開盤漲 | B9: 0.06 | C9: 前一根 1h K：收盤 ÷ 開盤 − 1
A10: ②A 當根量 ÷ 前一根量 | B10: 2 倍 | C10: 本小時到目前為止的累計量，不限時；A 與限時分支符合任一即可
A11: ② 限時分支 | B11: 30 分內 ≥ 1 倍、15 分內 ≥ 0.5 倍 | C11: 開盤 N 分內（1 分K 收盤 ≤ 第 N 分）累計量曾達門檻，成立後本小時都算（黏著）
A12: ③ 現價 > 前高 × | B12: 1 | C12: 現價 = 那根 1 分K 收盤價
A13: 進場時機 | B13: 三條件第一次同時成立 | C13: 以那根 1 分K 收盤價進場；同幣每小時最多一次；持倉中不重複進場（與群組機器人一致）
A14: 出場後冷卻 | B14: 1 根 | C14: 出場的下一根 1 分K 起可再進場（須不同小時）
A15: 同根雙觸發 | B15: 保守計止損 | C15: 1 分K 已是最小週期
A16: 盈虧平衡勝率 | B16: =IFERROR(AVERAGE(交易明細!$AC$2:$AC$73),(B6+2*B7)/(B5+B6)) | C16: 含手續費，各筆平均；勝率低於此值 = 長期虧損

Sheet 交易明細
A1: 編號 | B1: 交易對 | C1: 方向 | D1: 進場時間 | E1: 進場價 | F1: 止盈價 | G1: 止損價 | H1: 出場時間 | I1: 出場價 | J1: 結果 | K1: 持倉小時 | L1: 報酬率(含費) | M1: 判定說明 | N1: 前一根漲跌幅 | O1: ATR% | P1: 價格vsMA20 | Q1: OBV 20h變化 | R1: 24h成交額(USDT) | S1: 最大有利(MFE) | T1: 最大不利(MAE) | U1: 量比 | V1: 收盤強度 | W1: 長週期趨勢(順勢) | X1: 24h漲跌(順勢) | Y1: BTC 1h漲跌(順勢) | Z1: BTC vs MA20(順勢) | AA1: 止盈% | AB1: 止損% | AC1: 盈虧平衡勝率 | AD1: ① 前根收盤比開盤 | AE1: ② 觸發時量倍數 | AF1: ② 爆量分支 | AG1: ③ 進場價vs前高 | AH1: 觸發於第幾分鐘
A2: 1 | B2: NOM_USDT_PERP | C2: 做空 | D2: 46289.595 | E2: 0.002779 | F2: 0.00269563 | G2: 0.00291795 | H2: 46289.6 | I2: 0.00269563 | J2: 止盈 | K2: =(H2-D2)*24 | L2: =IF(C2="做多",I2/E2-1,1-I2/E2)-2*參數!$B$7 | S2: 0.03 | T2: 0.011874775 | AA2: 0.03 | AB2: 0.05 | AC2: =(AB2+2*參數!$B$7)/(AA2+AB2) | AD2: 0.15956989 | AE2: 0.79010932 | AF2: 15分0.5倍 | AG2: 0.0076142132 | AH2: 17
A3: 2 | B3: BROCCOLI_USDT_PERP | C3: 做空 | D3: 46289.8 | E3: 0.02867 | F3: 0.0278099 | G3: 0.0301035 | H3: 46289.853 | I3: 0.0301035 | J3: 止損 | K3: =(H3-D3)*24 | L3: =IF(C3="做多",I3/E3-1,1-I3/E3)-2*參數!$B$7 | S3: 0.027903732 | T3: 0.05 | AA3: 0.03 | AB3: 0.05 | AC3: =(AB3+2*參數!$B$7)/(AA3+AB3) | AD3: 0.12033694 | AE3: 0.62192962 | AF3: 15分0.5倍 | AG3: 0.0073787772 | AH3: 12
A4: 3 | B4: AGT_USDT_PERP | C4: 做空 | D4: 46289.81 | E4: 0.019584 | F4: 0.01899648 | G4: 0.0205632 | H4: 46289.974 | I4: 0.01899648 | J4: 止盈 | K4: =(H4-D4)*24 | L4: =IF(C4="做多",I4/E4-1,1-I4/E4)-2*參數!$B$7 | S4: 0.03 | T4: 0.017105801 | AA4: 0.03 | AB4: 0.05 | AC4: =(AB4+2*參數!$B$7)/(AA4+AB4) | AD4: 0.060287975 | AE4: 1.0190972 | AF4: 30分1倍 | AG4: 0.01329746 | AH4: 27
A5: 4 | B5: PHA_USDT_PERP | C5: 做空 | D5: 46289.835 | E5: 0.05098 | F5: 0.0494506 | G5: 0.053529 | H5: 46289.847 | I5: 0.053529 | J5: 止損 | K5: =(H5-D5)*24 | L5: =IF(C5="做多",I5/E5-1,1-I5/E5)-2*參數!$B$7 | S5: 0.0029423303 | T5: 0.05 | AA5: 0.03 | AB5: 0.05 | AC5: =(AB5+2*參數!$B$7)/(AA5+AB5) | AD5: 0.06299707 | AE5: 0.73042979 | AF5: 15分0.5倍 | AG5: 0.00019619384 | AH5: 3
A6: 5 | B6: BB_USDT_PERP | C6: 做空 | D6: 46289.942 | E6: 0.01095 | F6: 0.0106215 | G6: 0.0114975 | H6: 46289.992 | I6: 0.0106215 | J6: 止盈 | K6: =(H6-D6)*24 | L6: =IF(C6="做多",I6/E6-1,1-I6/E6)-2*參數!$B$7 | S6: 0.03 | T6: 0.039269406 | AA6: 0.03 | AB6: 0.05 | AC6: =(AB6+2*參數!$B$7)/(AA6+AB6) | AD6: 0.071570577 | AE6: 2.437114 | AF6: 2倍 | AG6: 0.013888889 | AH6: 37
A7: 6 | B7: RIVER_USDT_PERP | C7: 做空 | D7: 46290.011 | E7: 1.278 | F7: 1.23966 | G7: 1.3419 | H7: 46290.449 | I7: 1.23966 | J7: 止盈 | K7: =(H7-D7)*24 | L7: =IF(C7="做多",I7/E7-1,1-I7/E7)-2*參數!$B$7 | S7: 0.03 | T7: 0.044600939 | AA7: 0.03 | AB7: 0.05 | AC7: =(AB7+2*參數!$B$7)/(AA7+AB7) | AD7: 0.066889632 | AE7: 1.9126298 | AF7: 30分1倍+15分0.5倍 | AG7: 0.0015673981 | AH7: 16
A8: 7 | B8: LAB_USDT_PERP | C8: 做空 | D8: 46290.015 | E8: 0.06094 | F8: 0.0591118 | G8: 0.063987 | H8: 46290.264 | I8: 0.0591118 | J8: 止盈 | K8: =(H8-D8)*24 | L8: =IF(C8="做多",I8/E8-1,1-I8/E8)-2*參數!$B$7 | S8: 0.03 | T8: 0.038070233 | AA8: 0.03 | AB8: 0.05 | AC8: =(AB8+2*參數!$B$7)/(AA8+AB8) | AD8: 0.065639769 | AE8: 0.66446947 | AF8: 15分0.5倍 | AG8: 0.00032829941 | AH8: 21
A9: 8 | B9: SAGA_USDT_PERP | C9: 做空 | D9: 46290.338 | E9: 0.07862 | F9: 0.0762614 | G9: 0.082551 | H9: 46290.338 | I9: 0.0762614 | J9: 止盈 | K9: =(H9-D9)*24 | L9: =IF(C9="做多",I9/E9-1,1-I9/E9)-2*參數!$B$7 | S9: 0.03 | T9: 0 | AA9: 0.03 | AB9: 0.05 | AC9: =(AB9+2*參數!$B$7)/(AA9+AB9) | AD9: 0.07787302 | AE9: 0.55429073 | AF9: 15分0.5倍 | AG9: 0.032707211 | AH9: 6
A10: 9 | B10: PLAY_USDT_PERP | C10: 做空 | D10: 46290.456 | E10: 0.04057 | F10: 0.0393529 | G10: 0.0425985 | H10: 46290.483 | I10: 0.0393529 | J10: 止盈 | K10: =(H10-D10)*24 | L10: =IF(C10="做多",I10/E10-1,1-I10/E10)-2*參數!$B$7 | S10: 0.03 | T10: 0.019472517 | AA10: 0.03 | AB10: 0.05 | AC10: =(AB10+2*參數!$B$7)/(AA10+AB10) | AD10: 0.064447403 | AE10: 2.466725 | AF10: 2倍 | AG10: 0.00024654832 | AH10: 56
A11: 10 | B11: MOVR_USDT_PERP | C11: 做空 | D11: 46290.544 | E11: 0.974 | F11: 0.94478 | G11: 1.0227 | H11: 46290.558 | I11: 0.94478 | J11: 止盈 | K11: =(H11-D11)*24 | L11: =IF(C11="做多",I11/E11-1,1-I11/E11)-2*參數!$B$7 | S11: 0.03 | T11: 0.016427105 | AA11: 0.03 | AB11: 0.05 | AC11: =(AB11+2*參數!$B$7)/(AA11+AB11) | AD11: 0.072302558 | AE11: 0.69748874 | AF11: 15分0.5倍 | AG11: 0.0072388831 | AH11: 3
A12: 11 | B12: PHA_USDT_PERP | C12: 做空 | D12: 46290.643 | E12: 0.05717 | F12: 0.0554549 | G12: 0.0600285 | H12: 46290.665 | I12: 0.0554549 | J12: 止盈 | K12: =(H12-D12)*24 | L12: =IF(C12="做多",I12/E12-1,1-I12/E12)-2*參數!$B$7 | S12: 0.03 | T12: 0.027811789 | AA12: 0.03 | AB12: 0.05 | AC12: =(AB12+2*參數!$B$7)/(AA12+AB12) | AD12: 0.060475566 | AE12: 1.0173326 | AF12: 30分1倍 | AG12: 0.0014012962 | AH12: 26
A13: 12 | B13: CASHCAT_USDT_PERP | C13: 做空 | D13: 46290.677 | E13: 0.1726 | F13: 0.167422 | G13: 0.18123 | H13: 46290.76 | I13: 0.18123 | J13: 止損 | K13: =(H13-D13)*24 | L13: =IF(C13="做多",I13/E13-1,1-I13/E13)-2*參數!$B$7 | S13: 0.0086906141 | T13: 0.05 | AA13: 0.03 | AB13: 0.05 | AC13: =(AB13+2*參數!$B$7)/(AA13+AB13) | AD13: 0.065748278 | AE13: 0.51287376 | AF13: 15分0.5倍 | AG13: 0.0093567251 | AH13: 15
... A73: 72 | B73: MAGIC_USDT_PERP | C73: 做空 | D73: 46302.256 | E73: 0.0727 | F73: 0.070519 | G73: 0.076335 | H73: 46302.258 | I73: 0.070519 | J73: 止盈 | K73: =(H73-D73)*24 | L73: =IF(C73="做多",I73/E73-1,1-I73/E73)-2*參數!$B$7 | S73: 0.03 | T73: 0 | AA73: 0.03 | AB73: 0.05 | AC73: =(AB73+2*參數!$B$7)/(AA73+AB73) | AD73: 0.061011905 | AE73: 0.51641819 | AF73: 15分0.5倍 | AG73: 0.018207283 | AH73: 9

Sheet 幣種統計
A1: 交易對 | B1: 總筆數 | C1: 做多 | D1: 做空 | E1: 已平倉 | F1: 止盈 | G1: 止損 | H1: 勝率 | I1: 平均報酬/筆 | J1: 累計報酬 | K1: 平均持倉h | L1: 未平倉
A2: US_USDT_PERP | B2: =COUNTIFS(交易明細!$B$2:$B$73,$A2) | C2: =COUNTIFS(交易明細!$B$2:$B$73,$A2,交易明細!$C$2:$C$73,"做多") | D2: =COUNTIFS(交易明細!$B$2:$B$73,$A2,交易明細!$C$2:$C$73,"做空") | E2: =F2+G2+COUNTIFS(交易明細!$B$2:$B$73,$A2,交易明細!$J$2:$J$73,"時間出場") | F2: =COUNTIFS(交易明細!$B$2:$B$73,$A2,交易明細!$J$2:$J$73,"止盈") | G2: =COUNTIFS(交易明細!$B$2:$B$73,$A2,交易明細!$J$2:$J$73,"止損") | H2: =IFERROR(F2/E2,0) | I2: =IFERROR(AVERAGEIFS(交易明細!$L$2:$L$73,交易明細!$B$2:$B$73,$A2,交易明細!$J$2:$J$73,"<>未平倉"),0) | J2: =SUMIFS(交易明細!$L$2:$L$73,交易明細!$B$2:$B$73,$A2,交易明細!$J$2:$J$73,"<>未平倉") | K2: =IFERROR(AVERAGEIFS(交易明細!$K$2:$K$73,交易明細!$B$2:$B$73,$A2,交易明細!$J$2:$J$73,"<>未平倉"),0) | L2: =COUNTIFS(交易明細!$B$2:$B$73,$A2,交易明細!$J$2:$J$73,"未平倉")
A3: NOM_USDT_PERP | B3: =COUNTIFS(交易明細!$B$2:$B$73,$A3) | C3: =COUNTIFS(交易明細!$B$2:$B$73,$A3,交易明細!$C$2:$C$73,"做多") | D3: =COUNTIFS(交易明細!$B$2:$B$73,$A3,交易明細!$C$2:$C$73,"做空") | E3: =F3+G3+COUNTIFS(交易明細!$B$2:$B$73,$A3,交易明細!$J$2:$J$73,"時間出場") | F3: =COUNTIFS(交易明細!$B$2:$B$73,$A3,交易明細!$J$2:$J$73,"止盈") | G3: =COUNTIFS(交易明細!$B$2:$B$73,$A3,交易明細!$J$2:$J$73,"止損") | H3: =IFERROR(F3/E3,0) | I3: =IFERROR(AVERAGEIFS(交易明細!$L$2:$L$73,交易明細!$B$2:$B$73,$A3,交易明細!$J$2:$J$73,"<>未平倉"),0) | J3: =SUMIFS(交易明細!$L$2:$L$73,交易明細!$B$2:$B$73,$A3,交易明細!$J$2:$J$73,"<>未平倉") | K3: =IFERROR(AVERAGEIFS(交易明細!$K$2:$K$73,交易明細!$B$2:$B$73,$A3,交易明細!$J$2:$J$73,"<>未平倉"),0) | L3: =COUNTIFS(交易明細!$B$2:$B$73,$A3,交易明細!$J$2:$J$73,"未平倉")
A4: MOVR_USDT_PERP | B4: =COUNTIFS(交易明細!$B$2:$B$73,$A4) | C4: =COUNTIFS(交易明細!$B$2:$B$73,$A4,交易明細!$C$2:$C$73,"做多") | D4: =COUNTIFS(交易明細!$B$2:$B$73,$A4,交易明細!$C$2:$C$73,"做空") | E4: =F4+G4+COUNTIFS(交易明細!$B$2:$B$73,$A4,交易明細!$J$2:$J$73,"時間出場") | F4: =COUNTIFS(交易明細!$B$2:$B$73,$A4,交易明細!$J$2:$J$73,"止盈") | G4: =COUNTIFS(交易明細!$B$2:$B$73,$A4,交易明細!$J$2:$J$73,"止損") | H4: =IFERROR(F4/E4,0) | I4: =IFERROR(AVERAGEIFS(交易明細!$L$2:$L$73,交易明細!$B$2:$B$73,$A4,交易明細!$J$2:$J$73,"<>未平倉"),0) | J4: =SUMIFS(交易明細!$L$2:$L$73,交易明細!$B$2:$B$73,$A4,交易明細!$J$2:$J$73,"<>未平倉") | K4: =IFERROR(AVERAGEIFS(交易明細!$K$2:$K$73,交易明細!$B$2:$B$73,$A4,交易明細!$J$2:$J$73,"<>未平倉"),0) | L4: =COUNTIFS(交易明細!$B$2:$B$73,$A4,交易明細!$J$2:$J$73,"未平倉")
A5: BR_USDT_PERP | B5: =COUNTIFS(交易明細!$B$2:$B$73,$A5) | C5: =COUNTIFS(交易明細!$B$2:$B$73,$A5,交易明細!$C$2:$C$73,"做多") | D5: =COUNTIFS(交易明細!$B$2:$B$73,$A5,交易明細!$C$2:$C$73,"做空") | E5: =F5+G5+COUNTIFS(交易明細!$B$2:$B$73,$A5,交易明細!$J$2:$J$73,"時間出場") | F5: =COUNTIFS(交易明細!$B$2:$B$73,$A5,交易明細!$J$2:$J$73,"止盈") | G5: =COUNTIFS(交易明細!$B$2:$B$73,$A5,交易明細!$J$2:$J$73,"止損") | H5: =IFERROR(F5/E5,0) | I5: =IFERROR(AVERAGEIFS(交易明細!$L$2:$L$73,交易明細!$B$2:$B$73,$A5,交易明細!$J$2:$J$73,"<>未平倉"),0) | J5: =SUMIFS(交易明細!$L$2:$L$73,交易明細!$B$2:$B$73,$A5,交易明細!$J$2:$J$73,"<>未平倉") | K5: =IFERROR(AVERAGEIFS(交易明細!$K$2:$K$73,交易明細!$B$2:$B$73,$A5,交易明細!$J$2:$J$73,"<>未平倉"),0) | L5: =COUNTIFS(交易明細!$B$2:$B$73,$A5,交易明細!$J$2:$J$73,"未平倉")
A6: LYN_USDT_PERP | B6: =COUNTIFS(交易明細!$B$2:$B$73,$A6) | C6: =COUNTIFS(交易明細!$B$2:$B$73,$A6,交易明細!$C$2:$C$73,"做多") | D6: =COUNTIFS(交易明細!$B$2:$B$73,$A6,交易明細!$C$2:$C$73,"做空") | E6: =F6+G6+COUNTIFS(交易明細!$B$2:$B$73,$A6,交易明細!$J$2:$J$73,"時間出場") | F6: =COUNTIFS(交易明細!$B$2:$B$73,$A6,交易明細!$J$2:$J$73,"止盈") | G6: =COUNTIFS(交易明細!$B$2:$B$73,$A6,交易明細!$J$2:$J$73,"止損") | H6: =IFERROR(F6/E6,0) | I6: =IFERROR(AVERAGEIFS(交易明細!$L$2:$L$73,交易明細!$B$2:$B$73,$A6,交易明細!$J$2:$J$73,"<>未平倉"),0) | J6: =SUMIFS(交易明細!$L$2:$L$73,交易明細!$B$2:$B$73,$A6,交易明細!$J$2:$J$73,"<>未平倉") | K6: =IFERROR(AVERAGEIFS(交易明細!$K$2:$K$73,交易明細!$B$2:$B$73,$A6,交易明細!$J$2:$J$73,"<>未平倉"),0) | L6: =COUNTIFS(交易明細!$B$2:$B$73,$A6,交易明細!$J$2:$J$73,"未平倉")
A7: ARX_USDT_PERP | B7: =COUNTIFS(交易明細!$B$2:$B$73,$A7) | C7: =COUNTIFS(交易明細!$B$2:$B$73,$A7,交易明細!$C$2:$C$73,"做多") | D7: =COUNTIFS(交易明細!$B$2:$B$73,$A7,交易明細!$C$2:$C$73,"做空") | E7: =F7+G7+COUNTIFS(交易明細!$B$2:$B$73,$A7,交易明細!$J$2:$J$73,"時間出場") | F7: =COUNTIFS(交易明細!$B$2:$B$73,$A7,交易明細!$J$2:$J$73,"止盈") | G7: =COUNTIFS(交易明細!$B$2:$B$73,$A7,交易明細!$J$2:$J$73,"止損") | H7: =IFERROR(F7/E7,0) | I7: =IFERROR(AVERAGEIFS(交易明細!$L$2:$L$73,交易明細!$B$2:$B$73,$A7,交易明細!$J$2:$J$73,"<>未平倉"),0) | J7: =SUMIFS(交易明細!$L$2:$L$73,交易明細!$B$2:$B$73,$A7,交易明細!$J$2:$J$73,"<>未平倉") | K7: =IFERROR(AVERAGEIFS(交易明細!$K$2:$K$73,交易明細!$B$2:$B$73,$A7,交易明細!$J$2:$J$73,"<>未平倉"),0) | L7: =COUNTIFS(交易明細!$B$2:$B$73,$A7,交易明細!$J$2:$J$73,"未平倉")
A8: AGT_USDT_PERP | B8: =COUNTIFS(交易明細!$B$2:$B$73,$A8) | C8: =COUNTIFS(交易明細!$B$2:$B$73,$A8,交易明細!$C$2:$C$73,"做多") | D8: =COUNTIFS(交易明細!$B$2:$B$73,$A8,交易明細!$C$2:$C$73,"做空") | E8: =F8+G8+COUNTIFS(交易明細!$B$2:$B$73,$A8,交易明細!$J$2:$J$73,"時間出場") | F8: =COUNTIFS(交易明細!$B$2:$B$73,$A8,交易明細!$J$2:$J$73,"止盈") | G8: =COUNTIFS(交易明細!$B$2:$B$73,$A8,交易明細!$J$2:$J$73,"止損") | H8: =IFERROR(F8/E8,0) | I8: =IFERROR(AVERAGEIFS(交易明細!$L$2:$L$73,交易明細!$B$2:$B$73,$A8,交易明細!$J$2:$J$73,"<>未平倉"),0) | J8: =SUMIFS(交易明細!$L$2:$L$73,交易明細!$B$2:$B$73,$A8,交易明細!$J$2:$J$73,"<>未平倉") | K8: =IFERROR(AVERAGEIFS(交易明細!$K$2:$K$73,交易明細!$B$2:$B$73,$A8,交易明細!$J$2:$J$73,"<>未平倉"),0) | L8: =COUNTIFS(交易明細!$B$2:$B$73,$A8,交易明細!$J$2:$J$73,"未平倉")
A9: PHA_USDT_PERP | B9: =COUNTIFS(交易明細!$B$2:$B$73,$A9) | C9: =COUNTIFS(交易明細!$B$2:$B$73,$A9,交易明細!$C$2:$C$73,"做多") | D9: =COUNTIFS(交易明細!$B$2:$B$73,$A9,交易明細!$C$2:$C$73,"做空") | E9: =F9+G9+COUNTIFS(交易明細!$B$2:$B$73,$A9,交易明細!$J$2:$J$73,"時間出場") | F9: =COUNTIFS(交易明細!$B$2:$B$73,$A9,交易明細!$J$2:$J$73,"止盈") | G9: =COUNTIFS(交易明細!$B$2:$B$73,$A9,交易明細!$J$2:$J$73,"止損") | H9: =IFERROR(F9/E9,0) | I9: =IFERROR(AVERAGEIFS(交易明細!$L$2:$L$73,交易明細!$B$2:$B$73,$A9,交易明細!$J$2:$J$73,"<>未平倉"),0) | J9: =SUMIFS(交易明細!$L$2:$L$73,交易明細!$B$2:$B$73,$A9,交易明細!$J$2:$J$73,"<>未平倉") | K9: =IFERROR(AVERAGEIFS(交易明細!$K$2:$K$73,交易明細!$B$2:$B$73,$A9,交易明細!$J$2:$J$73,"<>未平倉"),0) | L9: =COUNTIFS(交易明細!$B$2:$B$73,$A9,交易明細!$J$2:$J$73,"未平倉")
A10: SPK_USDT_PERP | B10: =COUNTIFS(交易明細!$B$2:$B$73,$A10) | C10: =COUNTIFS(交易明細!$B$2:$B$73,$A10,交易明細!$C$2:$C$73,"做多") | D10: =COUNTIFS(交易明細!$B$2:$B$73,$A10,交易明細!$C$2:$C$73,"做空") | E10: =F10+G10+COUNTIFS(交易明細!$B$2:$B$73,$A10,交易明細!$J$2:$J$73,"時間出場") | F10: =COUNTIFS(交易明細!$B$2:$B$73,$A10,交易明細!$J$2:$J$73,"止盈") | G10: =COUNTIFS(交易明細!$B$2:$B$73,$A10,交易明細!$J$2:$J$73,"止損") | H10: =IFERROR(F10/E10,0) | I10: =IFERROR(AVERAGEIFS(交易明細!$L$2:$L$73,交易明細!$B$2:$B$73,$A10,交易明細!$J$2:$J$73,"<>未平倉"),0) | J10: =SUMIFS(交易明細!$L$2:$L$73,交易明細!$B$2:$B$73,$A10,交易明細!$J$2:$J$73,"<>未平倉") | K10: =IFERROR(AVERAGEIFS(交易明細!$K$2:$K$73,交易明細!$B$2:$B$73,$A10,交易明細!$J$2:$J$73,"<>未平倉"),0) | L10: =COUNTIFS(交易明細!$B$2:$B$73,$A10,交易明細!$J$2:$J$73,"未平倉")
A11: 2Z_USDT_PERP | B11: =COUNTIFS(交易明細!$B$2:$B$73,$A11) | C11: =COUNTIFS(交易明細!$B$2:$B$73,$A11,交易明細!$C$2:$C$73,"做多") | D11: =COUNTIFS(交易明細!$B$2:$B$73,$A11,交易明細!$C$2:$C$73,"做空") | E11: =F11+G11+COUNTIFS(交易明細!$B$2:$B$73,$A11,交易明細!$J$2:$J$73,"時間出場") | F11: =COUNTIFS(交易明細!$B$2:$B$73,$A11,交易明細!$J$2:$J$73,"止盈") | G11: =COUNTIFS(交易明細!$B$2:$B$73,$A11,交易明細!$J$2:$J$73,"止損") | H11: =IFERROR(F11/E11,0) | I11: =IFERROR(AVERAGEIFS(交易明細!$L$2:$L$73,交易明細!$B$2:$B$73,$A11,交易明細!$J$2:$J$73,"<>未平倉"),0) | J11: =SUMIFS(交易明細!$L$2:$L$73,交易明細!$B$2:$B$73,$A11,交易明細!$J$2:$J$73,"<>未平倉") | K11: =IFERROR(AVERAGEIFS(交易明細!$K$2:$K$73,交易明細!$B$2:$B$73,$A11,交易明細!$J$2:$J$73,"<>未平倉"),0) | L11: =COUNTIFS(交易明細!$B$2:$B$73,$A11,交易明細!$J$2:$J$73,"未平倉")
A12: SOON_USDT_PERP | B12: =COUNTIFS(交易明細!$B$2:$B$73,$A12) | C12: =COUNTIFS(交易明細!$B$2:$B$73,$A12,交易明細!$C$2:$C$73,"做多") | D12: =COUNTIFS(交易明細!$B$2:$B$73,$A12,交易明細!$C$2:$C$73,"做空") | E12: =F12+G12+COUNTIFS(交易明細!$B$2:$B$73,$A12,交易明細!$J$2:$J$73,"時間出場") | F12: =COUNTIFS(交易明細!$B$2:$B$73,$A12,交易明細!$J$2:$J$73,"止盈") | G12: =COUNTIFS(交易明細!$B$2:$B$73,$A12,交易明細!$J$2:$J$73,"止損") | H12: =IFERROR(F12/E12,0) | I12: =IFERROR(AVERAGEIFS(交易明細!$L$2:$L$73,交易明細!$B$2:$B$73,$A12,交易明細!$J$2:$J$73,"<>未平倉"),0) | J12: =SUMIFS(交易明細!$L$2:$L$73,交易明細!$B$2:$B$73,$A12,交易明細!$J$2:$J$73,"<>未平倉") | K12: =IFERROR(AVERAGEIFS(交易明細!$K$2:$K$73,交易明細!$B$2:$B$73,$A12,交易明細!$J$2:$J$73,"<>未平倉"),0) | L12: =COUNTIFS(交易明細!$B$2:$B$73,$A12,交易明細!$J$2:$J$73,"未平倉")
A13: PROS_USDT_PERP | B13: =COUNTIFS(交易明細!$B$2:$B$73,$A13) | C13: =COUNTIFS(交易明細!$B$2:$B$73,$A13,交易明細!$C$2:$C$73,"做多") | D13: =COUNTIFS(交易明細!$B$2:$B$73,$A13,交易明細!$C$2:$C$73,"做空") | E13: =F13+G13+COUNTIFS(交易明細!$B$2:$B$73,$A13,交易明細!$J$2:$J$73,"時間出場") | F13: =COUNTIFS(交易明細!$B$2:$B$73,$A13,交易明細!$J$2:$J$73,"止盈") | G13: =COUNTIFS(交易明細!$B$2:$B$73,$A13,交易明細!$J$2:$J$73,"止損") | H13: =IFERROR(F13/E13,0) | I13: =IFERROR(AVERAGEIFS(交易明細!$L$2:$L$73,交易明細!$B$2:$B$73,$A13,交易明細!$J$2:$J$73,"<>未平倉"),0) | J13: =SUMIFS(交易明細!$L$2:$L$73,交易明細!$B$2:$B$73,$A13,交易明細!$J$2:$J$73,"<>未平倉") | K13: =IFERROR(AVERAGEIFS(交易明細!$K$2:$K$73,交易明細!$B$2:$B$73,$A13,交易明細!$J$2:$J$73,"<>未平倉"),0) | L13: =COUNTIFS(交易明細!$B$2:$B$73,$A13,交易明細!$J$2:$J$73,"未平倉")
... A48: MAGIC_USDT_PERP | B48: =COUNTIFS(交易明細!$B$2:$B$73,$A48) | C48: =COUNTIFS(交易明細!$B$2:$B$73,$A48,交易明細!$C$2:$C$73,"做多") | D48: =COUNTIFS(交易明細!$B$2:$B$73,$A48,交易明細!$C$2:$C$73,"做空") | E48: =F48+G48+COUNTIFS(交易明細!$B$2:$B$73,$A48,交易明細!$J$2:$J$73,"時間出場") | F48: =COUNTIFS(交易明細!$B$2:$B$73,$A48,交易明細!$J$2:$J$73,"止盈") | G48: =COUNTIFS(交易明細!$B$2:$B$73,$A48,交易明細!$J$2:$J$73,"止損") | H48: =IFERROR(F48/E48,0) | I48: =IFERROR(AVERAGEIFS(交易明細!$L$2:$L$73,交易明細!$B$2:$B$73,$A48,交易明細!$J$2:$J$73,"<>未平倉"),0) | J48: =SUMIFS(交易明細!$L$2:$L$73,交易明細!$B$2:$B$73,$A48,交易明細!$J$2:$J$73,"<>未平倉") | K48: =IFERROR(AVERAGEIFS(交易明細!$K$2:$K$73,交易明細!$B$2:$B$73,$A48,交易明細!$J$2:$J$73,"<>未平倉"),0) | L48: =COUNTIFS(交易明細!$B$2:$B$73,$A48,交易明細!$J$2:$J$73,"未平倉")

Sheet 掃描清單
A1: 交易對 | B1: 狀態 | C1: 原因/備註 | D1: K棒數 | E1: 期間最低價 | F1: 期間最高價 | G1: 訊號數(多) | H1: 訊號數(空)
A2: 0G_USDT_PERP | B2: 已掃描
A3: 1INCH_USDT_PERP | B3: 已掃描
A4: 2Z_USDT_PERP | B4: 已掃描
A5: 4_USDT_PERP | B5: 已掃描
A6: AAVE_USDT_PERP | B6: 已掃描
A7: AAX_USDT_PERP | B7: 已掃描
A8: ACE_USDT_PERP | B8: 已掃描
A9: ACH_USDT_PERP | B9: 已掃描
A10: ACT_USDT_PERP | B10: 已掃描
A11: ADA_USDT_PERP | B11: 已掃描
A12: AERO_USDT_PERP | B12: 已掃描
A13: AEVO_USDT_PERP | B13: 已掃描
... A437: 牛来_USDT_PERP | B437: 已掃描
