Workbook

Sheet 總覽
A1: 派網 USDT 交易對 動能策略回測總覽
A2: 回測區間：2026-09-01 00:00 ~ 2026-09-27 06:56（Dry Run）（台北時間）；市場：PERP；勝率 = 止盈筆數 ÷ 已平倉筆數；正報酬比例 = 報酬 > 0 的筆數 ÷ 已平倉（含時間出場）
A4: 方向 | B4: 總筆數 | C4: 已平倉 | D4: 止盈 | E4: 止損 | F4: 時間出場 | G4: 未平倉 | H4: 勝率 | I4: 盈虧平衡勝率 | J4: 平均報酬/筆 | K4: 累計報酬(單利加總) | L4: 平均持倉h | M4: 止盈平均持倉h | N4: 止損平均持倉h | O4: 時間出場平均報酬 | P4: 正報酬比例
A5: 全部 | B5: =COUNTIFS(交易明細!$B$2:$B$509,"<>") | C5: =D5+E5+F5 | D5: =COUNTIFS(交易明細!$J$2:$J$509,"止盈") | E5: =COUNTIFS(交易明細!$J$2:$J$509,"止損") | F5: =COUNTIFS(交易明細!$J$2:$J$509,"時間出場") | G5: =COUNTIFS(交易明細!$J$2:$J$509,"未平倉") | H5: =IFERROR(D5/C5,0) | I5: =IFERROR(AVERAGEIFS(交易明細!$AC$2:$AC$509,交易明細!$J$2:$J$509,"<>未平倉"),參數!$B$16) | J5: =IFERROR(AVERAGEIFS(交易明細!$L$2:$L$509,交易明細!$J$2:$J$509,"<>未平倉"),0) | K5: =SUMIFS(交易明細!$L$2:$L$509,交易明細!$J$2:$J$509,"<>未平倉") | L5: =IFERROR(AVERAGEIFS(交易明細!$K$2:$K$509,交易明細!$J$2:$J$509,"<>未平倉"),0) | M5: =IFERROR(AVERAGEIFS(交易明細!$K$2:$K$509,交易明細!$J$2:$J$509,"止盈"),0) | N5: =IFERROR(AVERAGEIFS(交易明細!$K$2:$K$509,交易明細!$J$2:$J$509,"止損"),0) | O5: =IFERROR(AVERAGEIFS(交易明細!$L$2:$L$509,交易明細!$J$2:$J$509,"時間出場"),0) | P5: =IFERROR(COUNTIFS(交易明細!$J$2:$J$509,"<>未平倉",交易明細!$L$2:$L$509,">0")/C5,0)
A6: 做多 | B6: =COUNTIFS(交易明細!$C$2:$C$509,"做多",交易明細!$B$2:$B$509,"<>") | C6: =D6+E6+F6 | D6: =COUNTIFS(交易明細!$C$2:$C$509,"做多",交易明細!$J$2:$J$509,"止盈") | E6: =COUNTIFS(交易明細!$C$2:$C$509,"做多",交易明細!$J$2:$J$509,"止損") | F6: =COUNTIFS(交易明細!$C$2:$C$509,"做多",交易明細!$J$2:$J$509,"時間出場") | G6: =COUNTIFS(交易明細!$C$2:$C$509,"做多",交易明細!$J$2:$J$509,"未平倉") | H6: =IFERROR(D6/C6,0) | I6: =IFERROR(AVERAGEIFS(交易明細!$AC$2:$AC$509,交易明細!$C$2:$C$509,"做多",交易明細!$J$2:$J$509,"<>未平倉"),參數!$B$16) | J6: =IFERROR(AVERAGEIFS(交易明細!$L$2:$L$509,交易明細!$C$2:$C$509,"做多",交易明細!$J$2:$J$509,"<>未平倉"),0) | K6: =SUMIFS(交易明細!$L$2:$L$509,交易明細!$C$2:$C$509,"做多",交易明細!$J$2:$J$509,"<>未平倉") | L6: =IFERROR(AVERAGEIFS(交易明細!$K$2:$K$509,交易明細!$C$2:$C$509,"做多",交易明細!$J$2:$J$509,"<>未平倉"),0) | M6: =IFERROR(AVERAGEIFS(交易明細!$K$2:$K$509,交易明細!$C$2:$C$509,"做多",交易明細!$J$2:$J$509,"止盈"),0) | N6: =IFERROR(AVERAGEIFS(交易明細!$K$2:$K$509,交易明細!$C$2:$C$509,"做多",交易明細!$J$2:$J$509,"止損"),0) | O6: =IFERROR(AVERAGEIFS(交易明細!$L$2:$L$509,交易明細!$C$2:$C$509,"做多",交易明細!$J$2:$J$509,"時間出場"),0) | P6: =IFERROR(COUNTIFS(交易明細!$C$2:$C$509,"做多",交易明細!$J$2:$J$509,"<>未平倉",交易明細!$L$2:$L$509,">0")/C6,0)
A7: 做空 | B7: =COUNTIFS(交易明細!$C$2:$C$509,"做空",交易明細!$B$2:$B$509,"<>") | C7: =D7+E7+F7 | D7: =COUNTIFS(交易明細!$C$2:$C$509,"做空",交易明細!$J$2:$J$509,"止盈") | E7: =COUNTIFS(交易明細!$C$2:$C$509,"做空",交易明細!$J$2:$J$509,"止損") | F7: =COUNTIFS(交易明細!$C$2:$C$509,"做空",交易明細!$J$2:$J$509,"時間出場") | G7: =COUNTIFS(交易明細!$C$2:$C$509,"做空",交易明細!$J$2:$J$509,"未平倉") | H7: =IFERROR(D7/C7,0) | I7: =IFERROR(AVERAGEIFS(交易明細!$AC$2:$AC$509,交易明細!$C$2:$C$509,"做空",交易明細!$J$2:$J$509,"<>未平倉"),參數!$B$16) | J7: =IFERROR(AVERAGEIFS(交易明細!$L$2:$L$509,交易明細!$C$2:$C$509,"做空",交易明細!$J$2:$J$509,"<>未平倉"),0) | K7: =SUMIFS(交易明細!$L$2:$L$509,交易明細!$C$2:$C$509,"做空",交易明細!$J$2:$J$509,"<>未平倉") | L7: =IFERROR(AVERAGEIFS(交易明細!$K$2:$K$509,交易明細!$C$2:$C$509,"做空",交易明細!$J$2:$J$509,"<>未平倉"),0) | M7: =IFERROR(AVERAGEIFS(交易明細!$K$2:$K$509,交易明細!$C$2:$C$509,"做空",交易明細!$J$2:$J$509,"止盈"),0) | N7: =IFERROR(AVERAGEIFS(交易明細!$K$2:$K$509,交易明細!$C$2:$C$509,"做空",交易明細!$J$2:$J$509,"止損"),0) | O7: =IFERROR(AVERAGEIFS(交易明細!$L$2:$L$509,交易明細!$C$2:$C$509,"做空",交易明細!$J$2:$J$509,"時間出場"),0) | P7: =IFERROR(COUNTIFS(交易明細!$C$2:$C$509,"做空",交易明細!$J$2:$J$509,"<>未平倉",交易明細!$L$2:$L$509,">0")/C7,0)
A9: 說明
A10: ・持倉時間以主K棒為精度（觸價當根收盤計）；同根雙觸發時改用更小週期K棒判定。
A11: ・止盈以止盈價成交；止損若遇開盤跳空穿越，以開盤價成交（較保守）。
A12: ・同一根1h同時碰到止盈與止損時，依參數頁設定判斷（見交易明細『判定說明』）。
A13: ・只含目前仍上架的交易對，已下架幣種不在內（存活者偏差，實際表現可能較差）。
A14: ・可在『參數』頁修改手續費，報酬率欄位會自動重算。

Sheet 運行紀錄
A1: 執行時間(台北) | B1: 最新K棒(開盤時間) | C1: 交易對數 | D1: 新開倉 | E1: 新平倉 | F1: 錯誤數 | G1: 耗時(秒)
A2: 46292.29 | B2: 46292.288 | C2: 433 | D2: 0 | E2: 0 | F2: 0 | G2: 163.9
A3: 46292.286 | B3: 46292.285 | C3: 433 | D3: 2 | E3: 2 | F3: 0 | G3: 186.1
A4: 46292.165 | B4: 46292.163 | C4: 433 | D4: 0 | E4: 2 | F4: 0 | G4: 183.8
A5: 46292.052 | B5: 46292.051 | C5: 433 | D5: 4 | E5: 2 | F5: 0 | G5: 160.8
A6: 46291.98 | B6: 46291.979 | C6: 433 | D6: 2 | E6: 0 | F6: 0 | G6: 148.2
A7: 46291.937 | B7: 46291.936 | C7: 433 | D7: 0 | E7: 0 | F7: 0 | G7: 163.1
A8: 46291.883 | B8: 46291.882 | C8: 433 | D8: 0 | E8: 0 | F8: 0 | G8: 140.5
A9: 46291.838 | B9: 46291.837 | C9: 433 | D9: 0 | E9: 2 | F9: 0 | G9: 186.6
A10: 46291.786 | B10: 46291.785 | C10: 433 | D10: 5 | E10: 7 | F10: 0 | G10: 157.8
A11: 46291.659 | B11: 46291.658 | C11: 433 | D11: 0 | E11: 0 | F11: 0 | G11: 175.7
A12: 46291.639 | B12: 46291.638 | C12: 433 | D12: 0 | E12: 0 | F12: 0 | G12: 177.9
A13: 46291.632 | B13: 46291.631 | C13: 433 | D13: 1 | E13: 1 | F13: 0 | G13: 172.6
... A121: 46277.944 | B121: 46277.875 | C121: 442 | D121: 190 | E121: 186 | F121: 0 | G121: 63

Sheet ATR區間監控
A1: ATR 區間監控（資料來自觀察組：ATR ≥ 2%，其他條件與主策略相同）
A2: 近 1 個月最佳區間：8% 以上（每筆 +0.96%）
A3: 若最佳區間連續數個月不再是 4–5%，代表市場結構可能改變，需要重新檢查策略。
A5: 月份 | B5: 2%–3% 筆數 | C5: 2%–3% 勝率 | D5: 2%–3% 每筆報酬 | E5: 3%–4% 筆數 | F5: 3%–4% 勝率 | G5: 3%–4% 每筆報酬 | H5: 4%–5% 筆數 | I5: 4%–5% 勝率 | J5: 4%–5% 每筆報酬 | K5: 5%–6% 筆數 | L5: 5%–6% 勝率 | M5: 5%–6% 每筆報酬 | N5: 6%–8% 筆數 | O5: 6%–8% 勝率 | P5: 6%–8% 每筆報酬 | Q5: 8% 以上 筆數 | R5: 8% 以上 勝率 | S5: 8% 以上 每筆報酬
A6: 2026-09 | B6: 189 | C6: 0.57671958 | D6: -0.0048624339 | E6: 92 | F6: 0.63043478 | G6: -0.00056521739 | H6: 63 | I6: 0.61904762 | J6: -0.0014761905 | K6: 53 | L6: 0.62264151 | M6: -0.0011886792 | N6: 74 | O6: 0.62162162 | P6: -0.0012702703 | Q6: 33 | R6: 0.75757576 | S6: 0.0096060606

Sheet 資金模擬
A1: 資金模擬：依訊號時間順序下單
A2: 藍字黃底的參數可直接修改，整份模擬會自動重算
A3: 參數 | D3: 績效摘要
A4: 初始本金 | B4: 100 | D4: 最終本金（已實現） | E4: =資金明細!R1014
A5: 下單比例 | B5: 0.02 | D5: 總報酬率 | E5: =E4/B4-1
A6: 本金更新級距 | B6: 50 | D6: 最高本金 | E6: =MAX(資金明細!$R$2:$R$1014)
A7: 槓桿倍數 | B7: 50 | D7: 最低本金 | E7: =MIN(資金明細!$R$2:$R$1014)
A8: 單邊手續費 | B8: =參數!B7 | D8: 最大回撤 | E8: =MIN(資金明細!$X$2:$X$1014)
A9: 下單基準模式 | B9: 2 | D9: 已下單筆數 | E9: =COUNTIFS(資金明細!$C$2:$C$1014,"進場",資金明細!$N$2:$N$1014,"已下單")
A10: 停止交易門檻 | B10: 0 | D10: 資金不足略過 | E10: =COUNTIFS(資金明細!$C$2:$C$1014,"進場",資金明細!$N$2:$N$1014,"資金不足略過")
D11: 止盈筆數 | E11: =COUNTIFS(資金明細!$C$2:$C$1014,"出場",資金明細!$N$2:$N$1014,"已下單",資金明細!$K$2:$K$1014,"止盈")
A12: 每筆止損約虧本金 | B12: =B5*B7*IFERROR(AVERAGE(交易明細!$AB$2:$AB$509),參數!B6) | D12: 止損筆數 | E12: =COUNTIFS(資金明細!$C$2:$C$1014,"出場",資金明細!$N$2:$N$1014,"已下單",資金明細!$K$2:$K$1014,"止損")
A13: （以全倉、本金=基準本金計；模式1在本金回落時實際比例會更高） | D13: 勝率 | E13: =IFERROR(E11/COUNTIFS(資金明細!$C$2:$C$1014,"出場",資金明細!$N$2:$N$1014,"已下單"),0)
A14: 下單基準模式：1=不回滾（原規則） 2=即時本金 | D14: 最大同時持倉 | E14: =MAX(資金明細!$U$2:$U$1014)
A15: 停止交易門檻：本金 ≤ 此值即停止開新倉 | D15: 最大占用保證金 | E15: =MAX(資金明細!$S$2:$S$1014)
D16: 期末下單金額 | E16: =B5*資金明細!V1014
D17: 未平倉浮動損益（未計入） | E17: =IF(資金明細!N1005="已下單",資金明細!O1005*交易明細!L504,0)+IF(資金明細!N1006="已下單",資金明細!O1006*交易明細!L505,0)+IF(資金明細!N1013="已下單",資金明細!O1013*交易明細!L508,0)+IF(資金明細!N1014="已下單",資金明細!O1014*交易明細!L509,0)
D18: 最大總曝險倍數 | E18: =MAX(資金明細!$Y$2:$Y$1014)
D19: 當時全部止損約虧本金 | E19: =E18*參數!B6
D20: 停止交易時間 | E20: =IFERROR(INDEX(資金明細!$B$2:$B$1014,MATCH(1,資金明細!$Z$2:$Z$1014,0)),"未觸發")
D21: 停止後略過筆數 | E21: =COUNTIFS(資金明細!$C$2:$C$1014,"進場",資金明細!$N$2:$N$1014,"已停止")
A23: 規則說明
A24: ・下單金額 = 下單基準本金 × 下單比例。模式1：基準本金 = 本金曾達到的最高『級距倍數』（不回滾）；模式2：基準本金 = 當下本金。
A25: ・本金 ≤ 停止交易門檻後不再開新倉（已持有的單照常結算），避免模擬出現本金歸零後又『復活』的情況。
A26: ・剩餘本金 = 已實現本金（只在出場時結算）；可用資金 = 剩餘本金 − 占用保證金，不足下單金額時略過該訊號。
A27: ・同一時間點先處理出場再處理進場；報酬率已含進出場手續費。
A28: ・以全倉模式計算：總曝險倍數 = 所有持倉部位合計 ÷ 本金；未模擬持倉中的浮動虧損與維持保證金。
A29: ・回測結束仍持倉的交易不計入最終本金，浮動損益另列。

Sheet 資金明細
A1: 序號 | B1: 時間 | C1: 種類 | D1: 交易編號 | E1: 交易對 | F1: 方向 | G1: 開倉價 | H1: 止盈價 | I1: 止損價 | J1: 出場價 | K1: 結果 | L1: 持倉小時 | M1: 下單金額 | N1: 狀態 | O1: 部位大小 | P1: 報酬率(含費) | Q1: 損益 | R1: 剩餘本金 | S1: 占用保證金 | T1: 可用資金 | U1: 持倉數 | V1: 下單基準本金 | W1: 最高本金 | X1: 回撤 | Y1: 總曝險倍數 | Z1: 已停止
A2: 0 | C2: 起始 | Q2: 0 | R2: =資金模擬!$B$4 | S2: 0 | T2: =R2-S2 | U2: 0 | V2: =資金模擬!$B$4 | W2: =R2 | X2: 0 | Y2: 0 | Z2: 0
A3: 1 | B3: 46266.042 | C3: 進場 | D3: 1 | E3: HEMI_USDT_PERP | F3: 做多 | G3: 0.01515 | H3: 0.0156045 | I3: 0.0143925 | M3: =資金模擬!$B$5*V2 | N3: =IF(Z2=1,"已停止",IF(T2>=M3,"已下單","資金不足略過")) | O3: =IF(N3="已下單",M3*資金模擬!$B$7,0) | Q3: 0 | R3: =R2+Q3 | S3: =S2+IF(N3="已下單",M3,0) | T3: =R3-S3 | U3: =U2+IF(N3="已下單",1,0) | V3: =IF(資金模擬!$B$9=2,MAX(R3,0),MAX(V2,FLOOR(MAX(R3,0),資金模擬!$B$6))) | W3: =MAX(W2,R3) | X3: =IF(W3>0,R3/W3-1,-1) | Y3: =IF(R3>0,S3*資金模擬!$B$7/R3,0) | Z3: =IF(OR(Z2=1,R3<=資金模擬!$B$10),1,0)
A4: 2 | B4: 46266.042 | C4: 進場 | D4: 2 | E4: SKYAI_USDT_PERP | F4: 做空 | G4: 0.0548 | H4: 0.053156 | I4: 0.05754 | M4: =資金模擬!$B$5*V3 | N4: =IF(Z3=1,"已停止",IF(T3>=M4,"已下單","資金不足略過")) | O4: =IF(N4="已下單",M4*資金模擬!$B$7,0) | Q4: 0 | R4: =R3+Q4 | S4: =S3+IF(N4="已下單",M4,0) | T4: =R4-S4 | U4: =U3+IF(N4="已下單",1,0) | V4: =IF(資金模擬!$B$9=2,MAX(R4,0),MAX(V3,FLOOR(MAX(R4,0),資金模擬!$B$6))) | W4: =MAX(W3,R4) | X4: =IF(W4>0,R4/W4-1,-1) | Y4: =IF(R4>0,S4*資金模擬!$B$7/R4,0) | Z4: =IF(OR(Z3=1,R4<=資金模擬!$B$10),1,0)
A5: 3 | B5: 46266.083 | C5: 出場 | D5: 1 | E5: HEMI_USDT_PERP | F5: 做多 | G5: 0.01515 | H5: 0.0156045 | I5: 0.0143925 | J5: 0.0156045 | K5: 止盈 | L5: =交易明細!K2 | M5: =M3 | N5: =N3 | O5: =O3 | P5: =交易明細!L2 | Q5: =IF(N5="已下單",O5*P5,0) | R5: =R4+Q5 | S5: =S4-IF(N5="已下單",M5,0) | T5: =R5-S5 | U5: =U4-IF(N5="已下單",1,0) | V5: =IF(資金模擬!$B$9=2,MAX(R5,0),MAX(V4,FLOOR(MAX(R5,0),資金模擬!$B$6))) | W5: =MAX(W4,R5) | X5: =IF(W5>0,R5/W5-1,-1) | Y5: =IF(R5>0,S5*資金模擬!$B$7/R5,0) | Z5: =IF(OR(Z4=1,R5<=資金模擬!$B$10),1,0)
A6: 4 | B6: 46266.125 | C6: 進場 | D6: 3 | E6: XMR_USDT_PERP | F6: 做多 | G6: 531.58 | H6: 547.5274 | I6: 505.001 | M6: =資金模擬!$B$5*V5 | N6: =IF(Z5=1,"已停止",IF(T5>=M6,"已下單","資金不足略過")) | O6: =IF(N6="已下單",M6*資金模擬!$B$7,0) | Q6: 0 | R6: =R5+Q6 | S6: =S5+IF(N6="已下單",M6,0) | T6: =R6-S6 | U6: =U5+IF(N6="已下單",1,0) | V6: =IF(資金模擬!$B$9=2,MAX(R6,0),MAX(V5,FLOOR(MAX(R6,0),資金模擬!$B$6))) | W6: =MAX(W5,R6) | X6: =IF(W6>0,R6/W6-1,-1) | Y6: =IF(R6>0,S6*資金模擬!$B$7/R6,0) | Z6: =IF(OR(Z5=1,R6<=資金模擬!$B$10),1,0)
A7: 5 | B7: 46266.25 | C7: 進場 | D7: 4 | E7: SKR_USDT_PERP | F7: 做多 | G7: 0.028369 | H7: 0.02922007 | I7: 0.02695055 | M7: =資金模擬!$B$5*V6 | N7: =IF(Z6=1,"已停止",IF(T6>=M7,"已下單","資金不足略過")) | O7: =IF(N7="已下單",M7*資金模擬!$B$7,0) | Q7: 0 | R7: =R6+Q7 | S7: =S6+IF(N7="已下單",M7,0) | T7: =R7-S7 | U7: =U6+IF(N7="已下單",1,0) | V7: =IF(資金模擬!$B$9=2,MAX(R7,0),MAX(V6,FLOOR(MAX(R7,0),資金模擬!$B$6))) | W7: =MAX(W6,R7) | X7: =IF(W7>0,R7/W7-1,-1) | Y7: =IF(R7>0,S7*資金模擬!$B$7/R7,0) | Z7: =IF(OR(Z6=1,R7<=資金模擬!$B$10),1,0)
A8: 6 | B8: 46266.292 | C8: 出場 | D8: 4 | E8: SKR_USDT_PERP | F8: 做多 | G8: 0.028369 | H8: 0.02922007 | I8: 0.02695055 | J8: 0.02922007 | K8: 止盈 | L8: =交易明細!K5 | M8: =M7 | N8: =N7 | O8: =O7 | P8: =交易明細!L5 | Q8: =IF(N8="已下單",O8*P8,0) | R8: =R7+Q8 | S8: =S7-IF(N8="已下單",M8,0) | T8: =R8-S8 | U8: =U7-IF(N8="已下單",1,0) | V8: =IF(資金模擬!$B$9=2,MAX(R8,0),MAX(V7,FLOOR(MAX(R8,0),資金模擬!$B$6))) | W8: =MAX(W7,R8) | X8: =IF(W8>0,R8/W8-1,-1) | Y8: =IF(R8>0,S8*資金模擬!$B$7/R8,0) | Z8: =IF(OR(Z7=1,R8<=資金模擬!$B$10),1,0)
A9: 7 | B9: 46266.333 | C9: 出場 | D9: 2 | E9: SKYAI_USDT_PERP | F9: 做空 | G9: 0.0548 | H9: 0.053156 | I9: 0.05754 | J9: 0.053156 | K9: 止盈 | L9: =交易明細!K3 | M9: =M4 | N9: =N4 | O9: =O4 | P9: =交易明細!L3 | Q9: =IF(N9="已下單",O9*P9,0) | R9: =R8+Q9 | S9: =S8-IF(N9="已下單",M9,0) | T9: =R9-S9 | U9: =U8-IF(N9="已下單",1,0) | V9: =IF(資金模擬!$B$9=2,MAX(R9,0),MAX(V8,FLOOR(MAX(R9,0),資金模擬!$B$6))) | W9: =MAX(W8,R9) | X9: =IF(W9>0,R9/W9-1,-1) | Y9: =IF(R9>0,S9*資金模擬!$B$7/R9,0) | Z9: =IF(OR(Z8=1,R9<=資金模擬!$B$10),1,0)
A10: 8 | B10: 46266.375 | C10: 進場 | D10: 5 | E10: PUMP_USDT_PERP | F10: 做多 | G10: 0.004605 | H10: 0.00474315 | I10: 0.00437475 | M10: =資金模擬!$B$5*V9 | N10: =IF(Z9=1,"已停止",IF(T9>=M10,"已下單","資金不足略過")) | O10: =IF(N10="已下單",M10*資金模擬!$B$7,0) | Q10: 0 | R10: =R9+Q10 | S10: =S9+IF(N10="已下單",M10,0) | T10: =R10-S10 | U10: =U9+IF(N10="已下單",1,0) | V10: =IF(資金模擬!$B$9=2,MAX(R10,0),MAX(V9,FLOOR(MAX(R10,0),資金模擬!$B$6))) | W10: =MAX(W9,R10) | X10: =IF(W10>0,R10/W10-1,-1) | Y10: =IF(R10>0,S10*資金模擬!$B$7/R10,0) | Z10: =IF(OR(Z9=1,R10<=資金模擬!$B$10),1,0)
A11: 9 | B11: 46266.75 | C11: 出場 | D11: 5 | E11: PUMP_USDT_PERP | F11: 做多 | G11: 0.004605 | H11: 0.00474315 | I11: 0.00437475 | J11: 0.00437475 | K11: 止損 | L11: =交易明細!K6 | M11: =M10 | N11: =N10 | O11: =O10 | P11: =交易明細!L6 | Q11: =IF(N11="已下單",O11*P11,0) | R11: =R10+Q11 | S11: =S10-IF(N11="已下單",M11,0) | T11: =R11-S11 | U11: =U10-IF(N11="已下單",1,0) | V11: =IF(資金模擬!$B$9=2,MAX(R11,0),MAX(V10,FLOOR(MAX(R11,0),資金模擬!$B$6))) | W11: =MAX(W10,R11) | X11: =IF(W11>0,R11/W11-1,-1) | Y11: =IF(R11>0,S11*資金模擬!$B$7/R11,0) | Z11: =IF(OR(Z10=1,R11<=資金模擬!$B$10),1,0)
A12: 10 | B12: 46266.75 | C12: 進場 | D12: 6 | E12: ARB_USDT_PERP | F12: 做多 | G12: 0.1099 | H12: 0.113197 | I12: 0.104405 | M12: =資金模擬!$B$5*V11 | N12: =IF(Z11=1,"已停止",IF(T11>=M12,"已下單","資金不足略過")) | O12: =IF(N12="已下單",M12*資金模擬!$B$7,0) | Q12: 0 | R12: =R11+Q12 | S12: =S11+IF(N12="已下單",M12,0) | T12: =R12-S12 | U12: =U11+IF(N12="已下單",1,0) | V12: =IF(資金模擬!$B$9=2,MAX(R12,0),MAX(V11,FLOOR(MAX(R12,0),資金模擬!$B$6))) | W12: =MAX(W11,R12) | X12: =IF(W12>0,R12/W12-1,-1) | Y12: =IF(R12>0,S12*資金模擬!$B$7/R12,0) | Z12: =IF(OR(Z11=1,R12<=資金模擬!$B$10),1,0)
A13: 11 | B13: 46266.75 | C13: 進場 | D13: 7 | E13: USELESS_USDT_PERP | F13: 做多 | G13: 0.09113 | H13: 0.0938639 | I13: 0.0865735 | M13: =資金模擬!$B$5*V12 | N13: =IF(Z12=1,"已停止",IF(T12>=M13,"已下單","資金不足略過")) | O13: =IF(N13="已下單",M13*資金模擬!$B$7,0) | Q13: 0 | R13: =R12+Q13 | S13: =S12+IF(N13="已下單",M13,0) | T13: =R13-S13 | U13: =U12+IF(N13="已下單",1,0) | V13: =IF(資金模擬!$B$9=2,MAX(R13,0),MAX(V12,FLOOR(MAX(R13,0),資金模擬!$B$6))) | W13: =MAX(W12,R13) | X13: =IF(W13>0,R13/W13-1,-1) | Y13: =IF(R13>0,S13*資金模擬!$B$7/R13,0) | Z13: =IF(OR(Z12=1,R13<=資金模擬!$B$10),1,0)
A14: 12 | B14: 46266.792 | C14: 出場 | D14: 6 | E14: ARB_USDT_PERP | F14: 做多 | G14: 0.1099 | H14: 0.113197 | I14: 0.104405 | J14: 0.113197 | K14: 止盈 | L14: =交易明細!K7 | M14: =M12 | N14: =N12 | O14: =O12 | P14: =交易明細!L7 | Q14: =IF(N14="已下單",O14*P14,0) | R14: =R13+Q14 | S14: =S13-IF(N14="已下單",M14,0) | T14: =R14-S14 | U14: =U13-IF(N14="已下單",1,0) | V14: =IF(資金模擬!$B$9=2,MAX(R14,0),MAX(V13,FLOOR(MAX(R14,0),資金模擬!$B$6))) | W14: =MAX(W13,R14) | X14: =IF(W14>0,R14/W14-1,-1) | Y14: =IF(R14>0,S14*資金模擬!$B$7/R14,0) | Z14: =IF(OR(Z13=1,R14<=資金模擬!$B$10),1,0)
A15: 13 | B15: 46266.792 | C15: 出場 | D15: 7 | E15: USELESS_USDT_PERP | F15: 做多 | G15: 0.09113 | H15: 0.0938639 | I15: 0.0865735 | J15: 0.0938639 | K15: 止盈 | L15: =交易明細!K8 | M15: =M13 | N15: =N13 | O15: =O13 | P15: =交易明細!L8 | Q15: =IF(N15="已下單",O15*P15,0) | R15: =R14+Q15 | S15: =S14-IF(N15="已下單",M15,0) | T15: =R15-S15 | U15: =U14-IF(N15="已下單",1,0) | V15: =IF(資金模擬!$B$9=2,MAX(R15,0),MAX(V14,FLOOR(MAX(R15,0),資金模擬!$B$6))) | W15: =MAX(W14,R15) | X15: =IF(W15>0,R15/W15-1,-1) | Y15: =IF(R15>0,S15*資金模擬!$B$7/R15,0) | Z15: =IF(OR(Z14=1,R15<=資金模擬!$B$10),1,0)
A16: 14 | B16: 46266.833 | C16: 進場 | D16: 8 | E16: HEMI_USDT_PERP | F16: 做多 | G16: 0.0161 | H16: 0.016583 | I16: 0.015295 | M16: =資金模擬!$B$5*V15 | N16: =IF(Z15=1,"已停止",IF(T15>=M16,"已下單","資金不足略過")) | O16: =IF(N16="已下單",M16*資金模擬!$B$7,0) | Q16: 0 | R16: =R15+Q16 | S16: =S15+IF(N16="已下單",M16,0) | T16: =R16-S16 | U16: =U15+IF(N16="已下單",1,0) | V16: =IF(資金模擬!$B$9=2,MAX(R16,0),MAX(V15,FLOOR(MAX(R16,0),資金模擬!$B$6))) | W16: =MAX(W15,R16) | X16: =IF(W16>0,R16/W16-1,-1) | Y16: =IF(R16>0,S16*資金模擬!$B$7/R16,0) | Z16: =IF(OR(Z15=1,R16<=資金模擬!$B$10),1,0)
A17: 15 | B17: 46266.917 | C17: 進場 | D17: 9 | E17: PUMP_USDT_PERP | F17: 做多 | G17: 0.004467 | H17: 0.00460101 | I17: 0.00424365 | M17: =資金模擬!$B$5*V16 | N17: =IF(Z16=1,"已停止",IF(T16>=M17,"已下單","資金不足略過")) | O17: =IF(N17="已下單",M17*資金模擬!$B$7,0) | Q17: 0 | R17: =R16+Q17 | S17: =S16+IF(N17="已下單",M17,0) | T17: =R17-S17 | U17: =U16+IF(N17="已下單",1,0) | V17: =IF(資金模擬!$B$9=2,MAX(R17,0),MAX(V16,FLOOR(MAX(R17,0),資金模擬!$B$6))) | W17: =MAX(W16,R17) | X17: =IF(W17>0,R17/W17-1,-1) | Y17: =IF(R17>0,S17*資金模擬!$B$7/R17,0) | Z17: =IF(OR(Z16=1,R17<=資金模擬!$B$10),1,0)
A18: 16 | B18: 46267 | C18: 出場 | D18: 3 | E18: XMR_USDT_PERP | F18: 做多 | G18: 531.58 | H18: 547.5274 | I18: 505.001 | J18: 505.001 | K18: 止損 | L18: =交易明細!K4 | M18: =M6 | N18: =N6 | O18: =O6 | P18: =交易明細!L4 | Q18: =IF(N18="已下單",O18*P18,0) | R18: =R17+Q18 | S18: =S17-IF(N18="已下單",M18,0) | T18: =R18-S18 | U18: =U17-IF(N18="已下單",1,0) | V18: =IF(資金模擬!$B$9=2,MAX(R18,0),MAX(V17,FLOOR(MAX(R18,0),資金模擬!$B$6))) | W18: =MAX(W17,R18) | X18: =IF(W18>0,R18/W18-1,-1) | Y18: =IF(R18>0,S18*資金模擬!$B$7/R18,0) | Z18: =IF(OR(Z17=1,R18<=資金模擬!$B$10),1,0)
A19: 17 | B19: 46267 | C19: 出場 | D19: 8 | E19: HEMI_USDT_PERP | F19: 做多 | G19: 0.0161 | H19: 0.016583 | I19: 0.015295 | J19: 0.016583 | K19: 止盈 | L19: =交易明細!K9 | M19: =M16 | N19: =N16 | O19: =O16 | P19: =交易明細!L9 | Q19: =IF(N19="已下單",O19*P19,0) | R19: =R18+Q19 | S19: =S18-IF(N19="已下單",M19,0) | T19: =R19-S19 | U19: =U18-IF(N19="已下單",1,0) | V19: =IF(資金模擬!$B$9=2,MAX(R19,0),MAX(V18,FLOOR(MAX(R19,0),資金模擬!$B$6))) | W19: =MAX(W18,R19) | X19: =IF(W19>0,R19/W19-1,-1) | Y19: =IF(R19>0,S19*資金模擬!$B$7/R19,0) | Z19: =IF(OR(Z18=1,R19<=資金模擬!$B$10),1,0)
A20: 18 | B20: 46267.083 | C20: 進場 | D20: 10 | E20: HEMI_USDT_PERP | F20: 做空 | G20: 0.01546 | H20: 0.0149962 | I20: 0.016233 | M20: =資金模擬!$B$5*V19 | N20: =IF(Z19=1,"已停止",IF(T19>=M20,"已下單","資金不足略過")) | O20: =IF(N20="已下單",M20*資金模擬!$B$7,0) | Q20: 0 | R20: =R19+Q20 | S20: =S19+IF(N20="已下單",M20,0) | T20: =R20-S20 | U20: =U19+IF(N20="已下單",1,0) | V20: =IF(資金模擬!$B$9=2,MAX(R20,0),MAX(V19,FLOOR(MAX(R20,0),資金模擬!$B$6))) | W20: =MAX(W19,R20) | X20: =IF(W20>0,R20/W20-1,-1) | Y20: =IF(R20>0,S20*資金模擬!$B$7/R20,0) | Z20: =IF(OR(Z19=1,R20<=資金模擬!$B$10),1,0)
A21: 19 | B21: 46267.125 | C21: 出場 | D21: 9 | E21: PUMP_USDT_PERP | F21: 做多 | G21: 0.004467 | H21: 0.00460101 | I21: 0.00424365 | J21: 0.00424365 | K21: 止損 | L21: =交易明細!K10 | M21: =M17 | N21: =N17 | O21: =O17 | P21: =交易明細!L10 | Q21: =IF(N21="已下單",O21*P21,0) | R21: =R20+Q21 | S21: =S20-IF(N21="已下單",M21,0) | T21: =R21-S21 | U21: =U20-IF(N21="已下單",1,0) | V21: =IF(資金模擬!$B$9=2,MAX(R21,0),MAX(V20,FLOOR(MAX(R21,0),資金模擬!$B$6))) | W21: =MAX(W20,R21) | X21: =IF(W21>0,R21/W21-1,-1) | Y21: =IF(R21>0,S21*資金模擬!$B$7/R21,0) | Z21: =IF(OR(Z20=1,R21<=資金模擬!$B$10),1,0)
A22: 20 | B22: 46267.167 | C22: 出場 | D22: 10 | E22: HEMI_USDT_PERP | F22: 做空 | G22: 0.01546 | H22: 0.0149962 | I22: 0.016233 | J22: 0.0149962 | K22: 止盈 | L22: =交易明細!K11 | M22: =M20 | N22: =N20 | O22: =O20 | P22: =交易明細!L11 | Q22: =IF(N22="已下單",O22*P22,0) | R22: =R21+Q22 | S22: =S21-IF(N22="已下單",M22,0) | T22: =R22-S22 | U22: =U21-IF(N22="已下單",1,0) | V22: =IF(資金模擬!$B$9=2,MAX(R22,0),MAX(V21,FLOOR(MAX(R22,0),資金模擬!$B$6))) | W22: =MAX(W21,R22) | X22: =IF(W22>0,R22/W22-1,-1) | Y22: =IF(R22>0,S22*資金模擬!$B$7/R22,0) | Z22: =IF(OR(Z21=1,R22<=資金模擬!$B$10),1,0)
A23: 21 | B23: 46267.417 | C23: 進場 | D23: 11 | E23: PUMP_USDT_PERP | F23: 做空 | G23: 0.004146 | H23: 0.00402162 | I23: 0.0043533 | M23: =資金模擬!$B$5*V22 | N23: =IF(Z22=1,"已停止",IF(T22>=M23,"已下單","資金不足略過")) | O23: =IF(N23="已下單",M23*資金模擬!$B$7,0) | Q23: 0 | R23: =R22+Q23 | S23: =S22+IF(N23="已下單",M23,0) | T23: =R23-S23 | U23: =U22+IF(N23="已下單",1,0) | V23: =IF(資金模擬!$B$9=2,MAX(R23,0),MAX(V22,FLOOR(MAX(R23,0),資金模擬!$B$6))) | W23: =MAX(W22,R23) | X23: =IF(W23>0,R23/W23-1,-1) | Y23: =IF(R23>0,S23*資金模擬!$B$7/R23,0) | Z23: =IF(OR(Z22=1,R23<=資金模擬!$B$10),1,0)
A24: 22 | B24: 46267.417 | C24: 進場 | D24: 12 | E24: 牛来_USDT_PERP | F24: 做空 | G24: 0.08327 | H24: 0.0807719 | I24: 0.0874335 | M24: =資金模擬!$B$5*V23 | N24: =IF(Z23=1,"已停止",IF(T23>=M24,"已下單","資金不足略過")) | O24: =IF(N24="已下單",M24*資金模擬!$B$7,0) | Q24: 0 | R24: =R23+Q24 | S24: =S23+IF(N24="已下單",M24,0) | T24: =R24-S24 | U24: =U23+IF(N24="已下單",1,0) | V24: =IF(資金模擬!$B$9=2,MAX(R24,0),MAX(V23,FLOOR(MAX(R24,0),資金模擬!$B$6))) | W24: =MAX(W23,R24) | X24: =IF(W24>0,R24/W24-1,-1) | Y24: =IF(R24>0,S24*資金模擬!$B$7/R24,0) | Z24: =IF(OR(Z23=1,R24<=資金模擬!$B$10),1,0)
A25: 23 | B25: 46267.458 | C25: 出場 | D25: 12 | E25: 牛来_USDT_PERP | F25: 做空 | G25: 0.08327 | H25: 0.0807719 | I25: 0.0874335 | J25: 0.0807719 | K25: 止盈 | L25: =交易明細!K13 | M25: =M24 | N25: =N24 | O25: =O24 | P25: =交易明細!L13 | Q25: =IF(N25="已下單",O25*P25,0) | R25: =R24+Q25 | S25: =S24-IF(N25="已下單",M25,0) | T25: =R25-S25 | U25: =U24-IF(N25="已下單",1,0) | V25: =IF(資金模擬!$B$9=2,MAX(R25,0),MAX(V24,FLOOR(MAX(R25,0),資金模擬!$B$6))) | W25: =MAX(W24,R25) | X25: =IF(W25>0,R25/W25-1,-1) | Y25: =IF(R25>0,S25*資金模擬!$B$7/R25,0) | Z25: =IF(OR(Z24=1,R25<=資金模擬!$B$10),1,0)
A26: 24 | B26: 46267.458 | C26: 進場 | D26: 13 | E26: UNI_USDT_PERP | F26: 做多 | G26: 6.019 | H26: 6.19957 | I26: 5.71805 | M26: =資金模擬!$B$5*V25 | N26: =IF(Z25=1,"已停止",IF(T25>=M26,"已下單","資金不足略過")) | O26: =IF(N26="已下單",M26*資金模擬!$B$7,0) | Q26: 0 | R26: =R25+Q26 | S26: =S25+IF(N26="已下單",M26,0) | T26: =R26-S26 | U26: =U25+IF(N26="已下單",1,0) | V26: =IF(資金模擬!$B$9=2,MAX(R26,0),MAX(V25,FLOOR(MAX(R26,0),資金模擬!$B$6))) | W26: =MAX(W25,R26) | X26: =IF(W26>0,R26/W26-1,-1) | Y26: =IF(R26>0,S26*資金模擬!$B$7/R26,0) | Z26: =IF(OR(Z25=1,R26<=資金模擬!$B$10),1,0)
A27: 25 | B27: 46267.5 | C27: 進場 | D27: 14 | E27: CRV_USDT_PERP | F27: 做多 | G27: 0.3838 | H27: 0.395314 | I27: 0.36461 | M27: =資金模擬!$B$5*V26 | N27: =IF(Z26=1,"已停止",IF(T26>=M27,"已下單","資金不足略過")) | O27: =IF(N27="已下單",M27*資金模擬!$B$7,0) | Q27: 0 | R27: =R26+Q27 | S27: =S26+IF(N27="已下單",M27,0) | T27: =R27-S27 | U27: =U26+IF(N27="已下單",1,0) | V27: =IF(資金模擬!$B$9=2,MAX(R27,0),MAX(V26,FLOOR(MAX(R27,0),資金模擬!$B$6))) | W27: =MAX(W26,R27) | X27: =IF(W27>0,R27/W27-1,-1) | Y27: =IF(R27>0,S27*資金模擬!$B$7/R27,0) | Z27: =IF(OR(Z26=1,R27<=資金模擬!$B$10),1,0)
A28: 26 | B28: 46267.5 | C28: 進場 | D28: 15 | E28: SKR_USDT_PERP | F28: 做空 | G28: 0.022381 | H28: 0.02170957 | I28: 0.02350005 | M28: =資金模擬!$B$5*V27 | N28: =IF(Z27=1,"已停止",IF(T27>=M28,"已下單","資金不足略過")) | O28: =IF(N28="已下單",M28*資金模擬!$B$7,0) | Q28: 0 | R28: =R27+Q28 | S28: =S27+IF(N28="已下單",M28,0) | T28: =R28-S28 | U28: =U27+IF(N28="已下單",1,0) | V28: =IF(資金模擬!$B$9=2,MAX(R28,0),MAX(V27,FLOOR(MAX(R28,0),資金模擬!$B$6))) | W28: =MAX(W27,R28) | X28: =IF(W28>0,R28/W28-1,-1) | Y28: =IF(R28>0,S28*資金模擬!$B$7/R28,0) | Z28: =IF(OR(Z27=1,R28<=資金模擬!$B$10),1,0)
A29: 27 | B29: 46267.542 | C29: 出場 | D29: 13 | E29: UNI_USDT_PERP | F29: 做多 | G29: 6.019 | H29: 6.19957 | I29: 5.71805 | J29: 6.19957 | K29: 止盈 | L29: =交易明細!K14 | M29: =M26 | N29: =N26 | O29: =O26 | P29: =交易明細!L14 | Q29: =IF(N29="已下單",O29*P29,0) | R29: =R28+Q29 | S29: =S28-IF(N29="已下單",M29,0) | T29: =R29-S29 | U29: =U28-IF(N29="已下單",1,0) | V29: =IF(資金模擬!$B$9=2,MAX(R29,0),MAX(V28,FLOOR(MAX(R29,0),資金模擬!$B$6))) | W29: =MAX(W28,R29) | X29: =IF(W29>0,R29/W29-1,-1) | Y29: =IF(R29>0,S29*資金模擬!$B$7/R29,0) | Z29: =IF(OR(Z28=1,R29<=資金模擬!$B$10),1,0)
A30: 28 | B30: 46267.542 | C30: 進場 | D30: 16 | E30: 牛来_USDT_PERP | F30: 做多 | G30: 0.08776 | H30: 0.0903928 | I30: 0.083372 | M30: =資金模擬!$B$5*V29 | N30: =IF(Z29=1,"已停止",IF(T29>=M30,"已下單","資金不足略過")) | O30: =IF(N30="已下單",M30*資金模擬!$B$7,0) | Q30: 0 | R30: =R29+Q30 | S30: =S29+IF(N30="已下單",M30,0) | T30: =R30-S30 | U30: =U29+IF(N30="已下單",1,0) | V30: =IF(資金模擬!$B$9=2,MAX(R30,0),MAX(V29,FLOOR(MAX(R30,0),資金模擬!$B$6))) | W30: =MAX(W29,R30) | X30: =IF(W30>0,R30/W30-1,-1) | Y30: =IF(R30>0,S30*資金模擬!$B$7/R30,0) | Z30: =IF(OR(Z29=1,R30<=資金模擬!$B$10),1,0)
A31: 29 | B31: 46267.583 | C31: 出場 | D31: 15 | E31: SKR_USDT_PERP | F31: 做空 | G31: 0.022381 | H31: 0.02170957 | I31: 0.02350005 | J31: 0.02350005 | K31: 止損 | L31: =交易明細!K16 | M31: =M28 | N31: =N28 | O31: =O28 | P31: =交易明細!L16 | Q31: =IF(N31="已下單",O31*P31,0) | R31: =R30+Q31 | S31: =S30-IF(N31="已下單",M31,0) | T31: =R31-S31 | U31: =U30-IF(N31="已下單",1,0) | V31: =IF(資金模擬!$B$9=2,MAX(R31,0),MAX(V30,FLOOR(MAX(R31,0),資金模擬!$B$6))) | W31: =MAX(W30,R31) | X31: =IF(W31>0,R31/W31-1,-1) | Y31: =IF(R31>0,S31*資金模擬!$B$7/R31,0) | Z31: =IF(OR(Z30=1,R31<=資金模擬!$B$10),1,0)
A32: 30 | B32: 46267.583 | C32: 出場 | D32: 16 | E32: 牛来_USDT_PERP | F32: 做多 | G32: 0.08776 | H32: 0.0903928 | I32: 0.083372 | J32: 0.0903928 | K32: 止盈 | L32: =交易明細!K17 | M32: =M30 | N32: =N30 | O32: =O30 | P32: =交易明細!L17 | Q32: =IF(N32="已下單",O32*P32,0) | R32: =R31+Q32 | S32: =S31-IF(N32="已下單",M32,0) | T32: =R32-S32 | U32: =U31-IF(N32="已下單",1,0) | V32: =IF(資金模擬!$B$9=2,MAX(R32,0),MAX(V31,FLOOR(MAX(R32,0),資金模擬!$B$6))) | W32: =MAX(W31,R32) | X32: =IF(W32>0,R32/W32-1,-1) | Y32: =IF(R32>0,S32*資金模擬!$B$7/R32,0) | Z32: =IF(OR(Z31=1,R32<=資金模擬!$B$10),1,0)
A33: 31 | B33: 46267.583 | C33: 進場 | D33: 17 | E33: PONS_USDT_PERP | F33: 做多 | G33: 0.4351 | H33: 0.448153 | I33: 0.413345 | M33: =資金模擬!$B$5*V32 | N33: =IF(Z32=1,"已停止",IF(T32>=M33,"已下單","資金不足略過")) | O33: =IF(N33="已下單",M33*資金模擬!$B$7,0) | Q33: 0 | R33: =R32+Q33 | S33: =S32+IF(N33="已下單",M33,0) | T33: =R33-S33 | U33: =U32+IF(N33="已下單",1,0) | V33: =IF(資金模擬!$B$9=2,MAX(R33,0),MAX(V32,FLOOR(MAX(R33,0),資金模擬!$B$6))) | W33: =MAX(W32,R33) | X33: =IF(W33>0,R33/W33-1,-1) | Y33: =IF(R33>0,S33*資金模擬!$B$7/R33,0) | Z33: =IF(OR(Z32=1,R33<=資金模擬!$B$10),1,0)
A34: 32 | B34: 46267.625 | C34: 進場 | D34: 18 | E34: HEMI_USDT_PERP | F34: 做空 | G34: 0.01439 | H34: 0.0139583 | I34: 0.0151095 | M34: =資金模擬!$B$5*V33 | N34: =IF(Z33=1,"已停止",IF(T33>=M34,"已下單","資金不足略過")) | O34: =IF(N34="已下單",M34*資金模擬!$B$7,0) | Q34: 0 | R34: =R33+Q34 | S34: =S33+IF(N34="已下單",M34,0) | T34: =R34-S34 | U34: =U33+IF(N34="已下單",1,0) | V34: =IF(資金模擬!$B$9=2,MAX(R34,0),MAX(V33,FLOOR(MAX(R34,0),資金模擬!$B$6))) | W34: =MAX(W33,R34) | X34: =IF(W34>0,R34/W34-1,-1) | Y34: =IF(R34>0,S34*資金模擬!$B$7/R34,0) | Z34: =IF(OR(Z33=1,R34<=資金模擬!$B$10),1,0)
A35: 33 | B35: 46267.625 | C35: 進場 | D35: 19 | E35: SKR_USDT_PERP | F35: 做空 | G35: 0.02203 | H35: 0.0213691 | I35: 0.0231315 | M35: =資金模擬!$B$5*V34 | N35: =IF(Z34=1,"已停止",IF(T34>=M35,"已下單","資金不足略過")) | O35: =IF(N35="已下單",M35*資金模擬!$B$7,0) | Q35: 0 | R35: =R34+Q35 | S35: =S34+IF(N35="已下單",M35,0) | T35: =R35-S35 | U35: =U34+IF(N35="已下單",1,0) | V35: =IF(資金模擬!$B$9=2,MAX(R35,0),MAX(V34,FLOOR(MAX(R35,0),資金模擬!$B$6))) | W35: =MAX(W34,R35) | X35: =IF(W35>0,R35/W35-1,-1) | Y35: =IF(R35>0,S35*資金模擬!$B$7/R35,0) | Z35: =IF(OR(Z34=1,R35<=資金模擬!$B$10),1,0)
A36: 34 | B36: 46267.667 | C36: 出場 | D36: 17 | E36: PONS_USDT_PERP | F36: 做多 | G36: 0.4351 | H36: 0.448153 | I36: 0.413345 | J36: 0.413345 | K36: 止損 | L36: =交易明細!K18 | M36: =M33 | N36: =N33 | O36: =O33 | P36: =交易明細!L18 | Q36: =IF(N36="已下單",O36*P36,0) | R36: =R35+Q36 | S36: =S35-IF(N36="已下單",M36,0) | T36: =R36-S36 | U36: =U35-IF(N36="已下單",1,0) | V36: =IF(資金模擬!$B$9=2,MAX(R36,0),MAX(V35,FLOOR(MAX(R36,0),資金模擬!$B$6))) | W36: =MAX(W35,R36) | X36: =IF(W36>0,R36/W36-1,-1) | Y36: =IF(R36>0,S36*資金模擬!$B$7/R36,0) | Z36: =IF(OR(Z35=1,R36<=資金模擬!$B$10),1,0)
A37: 35 | B37: 46267.667 | C37: 出場 | D37: 18 | E37: HEMI_USDT_PERP | F37: 做空 | G37: 0.01439 | H37: 0.0139583 | I37: 0.0151095 | J37: 0.0151095 | K37: 止損 | L37: =交易明細!K19 | M37: =M34 | N37: =N34 | O37: =O34 | P37: =交易明細!L19 | Q37: =IF(N37="已下單",O37*P37,0) | R37: =R36+Q37 | S37: =S36-IF(N37="已下單",M37,0) | T37: =R37-S37 | U37: =U36-IF(N37="已下單",1,0) | V37: =IF(資金模擬!$B$9=2,MAX(R37,0),MAX(V36,FLOOR(MAX(R37,0),資金模擬!$B$6))) | W37: =MAX(W36,R37) | X37: =IF(W37>0,R37/W37-1,-1) | Y37: =IF(R37>0,S37*資金模擬!$B$7/R37,0) | Z37: =IF(OR(Z36=1,R37<=資金模擬!$B$10),1,0)
A38: 36 | B38: 46267.667 | C38: 出場 | D38: 19 | E38: SKR_USDT_PERP | F38: 做空 | G38: 0.02203 | H38: 0.0213691 | I38: 0.0231315 | J38: 0.0213691 | K38: 止盈 | L38: =交易明細!K20 | M38: =M35 | N38: =N35 | O38: =O35 | P38: =交易明細!L20 | Q38: =IF(N38="已下單",O38*P38,0) | R38: =R37+Q38 | S38: =S37-IF(N38="已下單",M38,0) | T38: =R38-S38 | U38: =U37-IF(N38="已下單",1,0) | V38: =IF(資金模擬!$B$9=2,MAX(R38,0),MAX(V37,FLOOR(MAX(R38,0),資金模擬!$B$6))) | W38: =MAX(W37,R38) | X38: =IF(W38>0,R38/W38-1,-1) | Y38: =IF(R38>0,S38*資金模擬!$B$7/R38,0) | Z38: =IF(OR(Z37=1,R38<=資金模擬!$B$10),1,0)
A39: 37 | B39: 46267.75 | C39: 進場 | D39: 20 | E39: USELESS_USDT_PERP | F39: 做空 | G39: 0.10669 | H39: 0.1034893 | I39: 0.1120245 | M39: =資金模擬!$B$5*V38 | N39: =IF(Z38=1,"已停止",IF(T38>=M39,"已下單","資金不足略過")) | O39: =IF(N39="已下單",M39*資金模擬!$B$7,0) | Q39: 0 | R39: =R38+Q39 | S39: =S38+IF(N39="已下單",M39,0) | T39: =R39-S39 | U39: =U38+IF(N39="已下單",1,0) | V39: =IF(資金模擬!$B$9=2,MAX(R39,0),MAX(V38,FLOOR(MAX(R39,0),資金模擬!$B$6))) | W39: =MAX(W38,R39) | X39: =IF(W39>0,R39/W39-1,-1) | Y39: =IF(R39>0,S39*資金模擬!$B$7/R39,0) | Z39: =IF(OR(Z38=1,R39<=資金模擬!$B$10),1,0)
A40: 38 | B40: 46267.792 | C40: 出場 | D40: 14 | E40: CRV_USDT_PERP | F40: 做多 | G40: 0.3838 | H40: 0.395314 | I40: 0.36461 | J40: 0.36461 | K40: 止損 | L40: =交易明細!K15 | M40: =M27 | N40: =N27 | O40: =O27 | P40: =交易明細!L15 | Q40: =IF(N40="已下單",O40*P40,0) | R40: =R39+Q40 | S40: =S39-IF(N40="已下單",M40,0) | T40: =R40-S40 | U40: =U39-IF(N40="已下單",1,0) | V40: =IF(資金模擬!$B$9=2,MAX(R40,0),MAX(V39,FLOOR(MAX(R40,0),資金模擬!$B$6))) | W40: =MAX(W39,R40) | X40: =IF(W40>0,R40/W40-1,-1) | Y40: =IF(R40>0,S40*資金模擬!$B$7/R40,0) | Z40: =IF(OR(Z39=1,R40<=資金模擬!$B$10),1,0)
A41: 39 | B41: 46267.792 | C41: 出場 | D41: 20 | E41: USELESS_USDT_PERP | F41: 做空 | G41: 0.10669 | H41: 0.1034893 | I41: 0.1120245 | J41: 0.1034893 | K41: 止盈 | L41: =交易明細!K21 | M41: =M39 | N41: =N39 | O41: =O39 | P41: =交易明細!L21 | Q41: =IF(N41="已下單",O41*P41,0) | R41: =R40+Q41 | S41: =S40-IF(N41="已下單",M41,0) | T41: =R41-S41 | U41: =U40-IF(N41="已下單",1,0) | V41: =IF(資金模擬!$B$9=2,MAX(R41,0),MAX(V40,FLOOR(MAX(R41,0),資金模擬!$B$6))) | W41: =MAX(W40,R41) | X41: =IF(W41>0,R41/W41-1,-1) | Y41: =IF(R41>0,S41*資金模擬!$B$7/R41,0) | Z41: =IF(OR(Z40=1,R41<=資金模擬!$B$10),1,0)
A42: 40 | B42: 46267.792 | C42: 進場 | D42: 21 | E42: UAI_USDT_PERP | F42: 做空 | G42: 0.5241 | H42: 0.508377 | I42: 0.550305 | M42: =資金模擬!$B$5*V41 | N42: =IF(Z41=1,"已停止",IF(T41>=M42,"已下單","資金不足略過")) | O42: =IF(N42="已下單",M42*資金模擬!$B$7,0) | Q42: 0 | R42: =R41+Q42 | S42: =S41+IF(N42="已下單",M42,0) | T42: =R42-S42 | U42: =U41+IF(N42="已下單",1,0) | V42: =IF(資金模擬!$B$9=2,MAX(R42,0),MAX(V41,FLOOR(MAX(R42,0),資金模擬!$B$6))) | W42: =MAX(W41,R42) | X42: =IF(W42>0,R42/W42-1,-1) | Y42: =IF(R42>0,S42*資金模擬!$B$7/R42,0) | Z42: =IF(OR(Z41=1,R42<=資金模擬!$B$10),1,0)
A43: 41 | B43: 46267.833 | C43: 進場 | D43: 22 | E43: ACE_USDT_PERP | F43: 做空 | G43: 0.19257 | H43: 0.1867929 | I43: 0.2021985 | M43: =資金模擬!$B$5*V42 | N43: =IF(Z42=1,"已停止",IF(T42>=M43,"已下單","資金不足略過")) | O43: =IF(N43="已下單",M43*資金模擬!$B$7,0) | Q43: 0 | R43: =R42+Q43 | S43: =S42+IF(N43="已下單",M43,0) | T43: =R43-S43 | U43: =U42+IF(N43="已下單",1,0) | V43: =IF(資金模擬!$B$9=2,MAX(R43,0),MAX(V42,FLOOR(MAX(R43,0),資金模擬!$B$6))) | W43: =MAX(W42,R43) | X43: =IF(W43>0,R43/W43-1,-1) | Y43: =IF(R43>0,S43*資金模擬!$B$7/R43,0) | Z43: =IF(OR(Z42=1,R43<=資金模擬!$B$10),1,0)
A44: 42 | B44: 46267.833 | C44: 進場 | D44: 23 | E44: ARB_USDT_PERP | F44: 做空 | G44: 0.1076 | H44: 0.104372 | I44: 0.11298 | M44: =資金模擬!$B$5*V43 | N44: =IF(Z43=1,"已停止",IF(T43>=M44,"已下單","資金不足略過")) | O44: =IF(N44="已下單",M44*資金模擬!$B$7,0) | Q44: 0 | R44: =R43+Q44 | S44: =S43+IF(N44="已下單",M44,0) | T44: =R44-S44 | U44: =U43+IF(N44="已下單",1,0) | V44: =IF(資金模擬!$B$9=2,MAX(R44,0),MAX(V43,FLOOR(MAX(R44,0),資金模擬!$B$6))) | W44: =MAX(W43,R44) | X44: =IF(W44>0,R44/W44-1,-1) | Y44: =IF(R44>0,S44*資金模擬!$B$7/R44,0) | Z44: =IF(OR(Z43=1,R44<=資金模擬!$B$10),1,0)
A45: 43 | B45: 46267.833 | C45: 進場 | D45: 24 | E45: UNI_USDT_PERP | F45: 做空 | G45: 5.744 | H45: 5.57168 | I45: 6.0312 | M45: =資金模擬!$B$5*V44 | N45: =IF(Z44=1,"已停止",IF(T44>=M45,"已下單","資金不足略過")) | O45: =IF(N45="已下單",M45*資金模擬!$B$7,0) | Q45: 0 | R45: =R44+Q45 | S45: =S44+IF(N45="已下單",M45,0) | T45: =R45-S45 | U45: =U44+IF(N45="已下單",1,0) | V45: =IF(資金模擬!$B$9=2,MAX(R45,0),MAX(V44,FLOOR(MAX(R45,0),資金模擬!$B$6))) | W45: =MAX(W44,R45) | X45: =IF(W45>0,R45/W45-1,-1) | Y45: =IF(R45>0,S45*資金模擬!$B$7/R45,0) | Z45: =IF(OR(Z44=1,R45<=資金模擬!$B$10),1,0)
A46: 44 | B46: 46267.875 | C46: 出場 | D46: 21 | E46: UAI_USDT_PERP | F46: 做空 | G46: 0.5241 | H46: 0.508377 | I46: 0.550305 | J46: 0.550305 | K46: 止損 | L46: =交易明細!K22 | M46: =M42 | N46: =N42 | O46: =O42 | P46: =交易明細!L22 | Q46: =IF(N46="已下單",O46*P46,0) | R46: =R45+Q46 | S46: =S45-IF(N46="已下單",M46,0) | T46: =R46-S46 | U46: =U45-IF(N46="已下單",1,0) | V46: =IF(資金模擬!$B$9=2,MAX(R46,0),MAX(V45,FLOOR(MAX(R46,0),資金模擬!$B$6))) | W46: =MAX(W45,R46) | X46: =IF(W46>0,R46/W46-1,-1) | Y46: =IF(R46>0,S46*資金模擬!$B$7/R46,0) | Z46: =IF(OR(Z45=1,R46<=資金模擬!$B$10),1,0)
A47: 45 | B47: 46267.875 | C47: 出場 | D47: 22 | E47: ACE_USDT_PERP | F47: 做空 | G47: 0.19257 | H47: 0.1867929 | I47: 0.2021985 | J47: 0.1867929 | K47: 止盈 | L47: =交易明細!K23 | M47: =M43 | N47: =N43 | O47: =O43 | P47: =交易明細!L23 | Q47: =IF(N47="已下單",O47*P47,0) | R47: =R46+Q47 | S47: =S46-IF(N47="已下單",M47,0) | T47: =R47-S47 | U47: =U46-IF(N47="已下單",1,0) | V47: =IF(資金模擬!$B$9=2,MAX(R47,0),MAX(V46,FLOOR(MAX(R47,0),資金模擬!$B$6))) | W47: =MAX(W46,R47) | X47: =IF(W47>0,R47/W47-1,-1) | Y47: =IF(R47>0,S47*資金模擬!$B$7/R47,0) | Z47: =IF(OR(Z46=1,R47<=資金模擬!$B$10),1,0)
A48: 46 | B48: 46267.917 | C48: 進場 | D48: 25 | E48: PONS_USDT_PERP | F48: 做多 | G48: 0.415 | H48: 0.42745 | I48: 0.39425 | M48: =資金模擬!$B$5*V47 | N48: =IF(Z47=1,"已停止",IF(T47>=M48,"已下單","資金不足略過")) | O48: =IF(N48="已下單",M48*資金模擬!$B$7,0) | Q48: 0 | R48: =R47+Q48 | S48: =S47+IF(N48="已下單",M48,0) | T48: =R48-S48 | U48: =U47+IF(N48="已下單",1,0) | V48: =IF(資金模擬!$B$9=2,MAX(R48,0),MAX(V47,FLOOR(MAX(R48,0),資金模擬!$B$6))) | W48: =MAX(W47,R48) | X48: =IF(W48>0,R48/W48-1,-1) | Y48: =IF(R48>0,S48*資金模擬!$B$7/R48,0) | Z48: =IF(OR(Z47=1,R48<=資金模擬!$B$10),1,0)
A49: 47 | B49: 46267.958 | C49: 出場 | D49: 23 | E49: ARB_USDT_PERP | F49: 做空 | G49: 0.1076 | H49: 0.104372 | I49: 0.11298 | J49: 0.11298 | K49: 止損 | L49: =交易明細!K24 | M49: =M44 | N49: =N44 | O49: =O44 | P49: =交易明細!L24 | Q49: =IF(N49="已下單",O49*P49,0) | R49: =R48+Q49 | S49: =S48-IF(N49="已下單",M49,0) | T49: =R49-S49 | U49: =U48-IF(N49="已下單",1,0) | V49: =IF(資金模擬!$B$9=2,MAX(R49,0),MAX(V48,FLOOR(MAX(R49,0),資金模擬!$B$6))) | W49: =MAX(W48,R49) | X49: =IF(W49>0,R49/W49-1,-1) | Y49: =IF(R49>0,S49*資金模擬!$B$7/R49,0) | Z49: =IF(OR(Z48=1,R49<=資金模擬!$B$10),1,0)
A50: 48 | B50: 46267.958 | C50: 出場 | D50: 25 | E50: PONS_USDT_PERP | F50: 做多 | G50: 0.415 | H50: 0.42745 | I50: 0.39425 | J50: 0.39425 | K50: 止損 | L50: =交易明細!K26 | M50: =M48 | N50: =N48 | O50: =O48 | P50: =交易明細!L26 | Q50: =IF(N50="已下單",O50*P50,0) | R50: =R49+Q50 | S50: =S49-IF(N50="已下單",M50,0) | T50: =R50-S50 | U50: =U49-IF(N50="已下單",1,0) | V50: =IF(資金模擬!$B$9=2,MAX(R50,0),MAX(V49,FLOOR(MAX(R50,0),資金模擬!$B$6))) | W50: =MAX(W49,R50) | X50: =IF(W50>0,R50/W50-1,-1) | Y50: =IF(R50>0,S50*資金模擬!$B$7/R50,0) | Z50: =IF(OR(Z49=1,R50<=資金模擬!$B$10),1,0)
A51: 49 | B51: 46268 | C51: 進場 | D51: 26 | E51: LIT_USDT_PERP | F51: 做多 | G51: 3.672 | H51: 3.78216 | I51: 3.4884 | M51: =資金模擬!$B$5*V50 | N51: =IF(Z50=1,"已停止",IF(T50>=M51,"已下單","資金不足略過")) | O51: =IF(N51="已下單",M51*資金模擬!$B$7,0) | Q51: 0 | R51: =R50+Q51 | S51: =S50+IF(N51="已下單",M51,0) | T51: =R51-S51 | U51: =U50+IF(N51="已下單",1,0) | V51: =IF(資金模擬!$B$9=2,MAX(R51,0),MAX(V50,FLOOR(MAX(R51,0),資金模擬!$B$6))) | W51: =MAX(W50,R51) | X51: =IF(W51>0,R51/W51-1,-1) | Y51: =IF(R51>0,S51*資金模擬!$B$7/R51,0) | Z51: =IF(OR(Z50=1,R51<=資金模擬!$B$10),1,0)
A52: 50 | B52: 46268.042 | C52: 進場 | D52: 27 | E52: HEMI_USDT_PERP | F52: 做多 | G52: 0.01528 | H52: 0.0157384 | I52: 0.014516 | M52: =資金模擬!$B$5*V51 | N52: =IF(Z51=1,"已停止",IF(T51>=M52,"已下單","資金不足略過")) | O52: =IF(N52="已下單",M52*資金模擬!$B$7,0) | Q52: 0 | R52: =R51+Q52 | S52: =S51+IF(N52="已下單",M52,0) | T52: =R52-S52 | U52: =U51+IF(N52="已下單",1,0) | V52: =IF(資金模擬!$B$9=2,MAX(R52,0),MAX(V51,FLOOR(MAX(R52,0),資金模擬!$B$6))) | W52: =MAX(W51,R52) | X52: =IF(W52>0,R52/W52-1,-1) | Y52: =IF(R52>0,S52*資金模擬!$B$7/R52,0) | Z52: =IF(OR(Z51=1,R52<=資金模擬!$B$10),1,0)
A53: 51 | B53: 46268.083 | C53: 出場 | D53: 26 | E53: LIT_USDT_PERP | F53: 做多 | G53: 3.672 | H53: 3.78216 | I53: 3.4884 | J53: 3.78216 | K53: 止盈 | L53: =交易明細!K27 | M53: =M51 | N53: =N51 | O53: =O51 | P53: =交易明細!L27 | Q53: =IF(N53="已下單",O53*P53,0) | R53: =R52+Q53 | S53: =S52-IF(N53="已下單",M53,0) | T53: =R53-S53 | U53: =U52-IF(N53="已下單",1,0) | V53: =IF(資金模擬!$B$9=2,MAX(R53,0),MAX(V52,FLOOR(MAX(R53,0),資金模擬!$B$6))) | W53: =MAX(W52,R53) | X53: =IF(W53>0,R53/W53-1,-1) | Y53: =IF(R53>0,S53*資金模擬!$B$7/R53,0) | Z53: =IF(OR(Z52=1,R53<=資金模擬!$B$10),1,0)
A54: 52 | B54: 46268.083 | C54: 出場 | D54: 27 | E54: HEMI_USDT_PERP | F54: 做多 | G54: 0.01528 | H54: 0.0157384 | I54: 0.014516 | J54: 0.0157384 | K54: 止盈 | L54: =交易明細!K28 | M54: =M52 | N54: =N52 | O54: =O52 | P54: =交易明細!L28 | Q54: =IF(N54="已下單",O54*P54,0) | R54: =R53+Q54 | S54: =S53-IF(N54="已下單",M54,0) | T54: =R54-S54 | U54: =U53-IF(N54="已下單",1,0) | V54: =IF(資金模擬!$B$9=2,MAX(R54,0),MAX(V53,FLOOR(MAX(R54,0),資金模擬!$B$6))) | W54: =MAX(W53,R54) | X54: =IF(W54>0,R54/W54-1,-1) | Y54: =IF(R54>0,S54*資金模擬!$B$7/R54,0) | Z54: =IF(OR(Z53=1,R54<=資金模擬!$B$10),1,0)
A55: 53 | B55: 46268.125 | C55: 進場 | D55: 28 | E55: HEMI_USDT_PERP | F55: 做空 | G55: 0.01431 | H55: 0.0138807 | I55: 0.0150255 | M55: =資金模擬!$B$5*V54 | N55: =IF(Z54=1,"已停止",IF(T54>=M55,"已下單","資金不足略過")) | O55: =IF(N55="已下單",M55*資金模擬!$B$7,0) | Q55: 0 | R55: =R54+Q55 | S55: =S54+IF(N55="已下單",M55,0) | T55: =R55-S55 | U55: =U54+IF(N55="已下單",1,0) | V55: =IF(資金模擬!$B$9=2,MAX(R55,0),MAX(V54,FLOOR(MAX(R55,0),資金模擬!$B$6))) | W55: =MAX(W54,R55) | X55: =IF(W55>0,R55/W55-1,-1) | Y55: =IF(R55>0,S55*資金模擬!$B$7/R55,0) | Z55: =IF(OR(Z54=1,R55<=資金模擬!$B$10),1,0)
A56: 54 | B56: 46268.167 | C56: 出場 | D56: 28 | E56: HEMI_USDT_PERP | F56: 做空 | G56: 0.01431 | H56: 0.0138807 | I56: 0.0150255 | J56: 0.0138807 | K56: 止盈 | L56: =交易明細!K29 | M56: =M55 | N56: =N55 | O56: =O55 | P56: =交易明細!L29 | Q56: =IF(N56="已下單",O56*P56,0) | R56: =R55+Q56 | S56: =S55-IF(N56="已下單",M56,0) | T56: =R56-S56 | U56: =U55-IF(N56="已下單",1,0) | V56: =IF(資金模擬!$B$9=2,MAX(R56,0),MAX(V55,FLOOR(MAX(R56,0),資金模擬!$B$6))) | W56: =MAX(W55,R56) | X56: =IF(W56>0,R56/W56-1,-1) | Y56: =IF(R56>0,S56*資金模擬!$B$7/R56,0) | Z56: =IF(OR(Z55=1,R56<=資金模擬!$B$10),1,0)
A57: 55 | B57: 46268.25 | C57: 進場 | D57: 29 | E57: MARSCOIN_USDT_PERP | F57: 做空 | G57: 0.06269 | H57: 0.0608093 | I57: 0.0658245 | M57: =資金模擬!$B$5*V56 | N57: =IF(Z56=1,"已停止",IF(T56>=M57,"已下單","資金不足略過")) | O57: =IF(N57="已下單",M57*資金模擬!$B$7,0) | Q57: 0 | R57: =R56+Q57 | S57: =S56+IF(N57="已下單",M57,0) | T57: =R57-S57 | U57: =U56+IF(N57="已下單",1,0) | V57: =IF(資金模擬!$B$9=2,MAX(R57,0),MAX(V56,FLOOR(MAX(R57,0),資金模擬!$B$6))) | W57: =MAX(W56,R57) | X57: =IF(W57>0,R57/W57-1,-1) | Y57: =IF(R57>0,S57*資金模擬!$B$7/R57,0) | Z57: =IF(OR(Z56=1,R57<=資金模擬!$B$10),1,0)
A58: 56 | B58: 46268.292 | C58: 出場 | D58: 11 | E58: PUMP_USDT_PERP | F58: 做空 | G58: 0.004146 | H58: 0.00402162 | I58: 0.0043533 | J58: 0.00402162 | K58: 止盈 | L58: =交易明細!K12 | M58: =M23 | N58: =N23 | O58: =O23 | P58: =交易明細!L12 | Q58: =IF(N58="已下單",O58*P58,0) | R58: =R57+Q58 | S58: =S57-IF(N58="已下單",M58,0) | T58: =R58-S58 | U58: =U57-IF(N58="已下單",1,0) | V58: =IF(資金模擬!$B$9=2,MAX(R58,0),MAX(V57,FLOOR(MAX(R58,0),資金模擬!$B$6))) | W58: =MAX(W57,R58) | X58: =IF(W58>0,R58/W58-1,-1) | Y58: =IF(R58>0,S58*資金模擬!$B$7/R58,0) | Z58: =IF(OR(Z57=1,R58<=資金模擬!$B$10),1,0)
A59: 57 | B59: 46268.292 | C59: 進場 | D59: 30 | E59: MAGMA_USDT_PERP | F59: 做空 | G59: 0.51536 | H59: 0.4998992 | I59: 0.541128 | M59: =資金模擬!$B$5*V58 | N59: =IF(Z58=1,"已停止",IF(T58>=M59,"已下單","資金不足略過")) | O59: =IF(N59="已下單",M59*資金模擬!$B$7,0) | Q59: 0 | R59: =R58+Q59 | S59: =S58+IF(N59="已下單",M59,0) | T59: =R59-S59 | U59: =U58+IF(N59="已下單",1,0) | V59: =IF(資金模擬!$B$9=2,MAX(R59,0),MAX(V58,FLOOR(MAX(R59,0),資金模擬!$B$6))) | W59: =MAX(W58,R59) | X59: =IF(W59>0,R59/W59-1,-1) | Y59: =IF(R59>0,S59*資金模擬!$B$7/R59,0) | Z59: =IF(OR(Z58=1,R59<=資金模擬!$B$10),1,0)
A60: 58 | B60: 46268.333 | C60: 出場 | D60: 30 | E60: MAGMA_USDT_PERP | F60: 做空 | G60: 0.51536 | H60: 0.4998992 | I60: 0.541128 | J60: 0.4998992 | K60: 止盈 | L60: =交易明細!K31 | M60: =M59 | N60: =N59 | O60: =O59 | P60: =交易明細!L31 | Q60: =IF(N60="已下單",O60*P60,0) | R60: =R59+Q60 | S60: =S59-IF(N60="已下單",M60,0) | T60: =R60-S60 | U60: =U59-IF(N60="已下單",1,0) | V60: =IF(資金模擬!$B$9=2,MAX(R60,0),MAX(V59,FLOOR(MAX(R60,0),資金模擬!$B$6))) | W60: =MAX(W59,R60) | X60: =IF(W60>0,R60/W60-1,-1) | Y60: =IF(R60>0,S60*資金模擬!$B$7/R60,0) | Z60: =IF(OR(Z59=1,R60<=資金模擬!$B$10),1,0)
A61: 59 | B61: 46268.333 | C61: 進場 | D61: 31 | E61: LIT_USDT_PERP | F61: 做多 | G61: 3.783 | H61: 3.89649 | I61: 3.59385 | M61: =資金模擬!$B$5*V60 | N61: =IF(Z60=1,"已停止",IF(T60>=M61,"已下單","資金不足略過")) | O61: =IF(N61="已下單",M61*資金模擬!$B$7,0) | Q61: 0 | R61: =R60+Q61 | S61: =S60+IF(N61="已下單",M61,0) | T61: =R61-S61 | U61: =U60+IF(N61="已下單",1,0) | V61: =IF(資金模擬!$B$9=2,MAX(R61,0),MAX(V60,FLOOR(MAX(R61,0),資金模擬!$B$6))) | W61: =MAX(W60,R61) | X61: =IF(W61>0,R61/W61-1,-1) | Y61: =IF(R61>0,S61*資金模擬!$B$7/R61,0) | Z61: =IF(OR(Z60=1,R61<=資金模擬!$B$10),1,0)
A62: 60 | B62: 46268.375 | C62: 出場 | D62: 29 | E62: MARSCOIN_USDT_PERP | F62: 做空 | G62: 0.06269 | H62: 0.0608093 | I62: 0.0658245 | J62: 0.0608093 | K62: 止盈 | L62: =交易明細!K30 | M62: =M57 | N62: =N57 | O62: =O57 | P62: =交易明細!L30 | Q62: =IF(N62="已下單",O62*P62,0) | R62: =R61+Q62 | S62: =S61-IF(N62="已下單",M62,0) | T62: =R62-S62 | U62: =U61-IF(N62="已下單",1,0) | V62: =IF(資金模擬!$B$9=2,MAX(R62,0),MAX(V61,FLOOR(MAX(R62,0),資金模擬!$B$6))) | W62: =MAX(W61,R62) | X62: =IF(W62>0,R62/W62-1,-1) | Y62: =IF(R62>0,S62*資金模擬!$B$7/R62,0) | Z62: =IF(OR(Z61=1,R62<=資金模擬!$B$10),1,0)
A63: 61 | B63: 46268.375 | C63: 出場 | D63: 31 | E63: LIT_USDT_PERP | F63: 做多 | G63: 3.783 | H63: 3.89649 | I63: 3.59385 | J63: 3.89649 | K63: 止盈 | L63: =交易明細!K32 | M63: =M61 | N63: =N61 | O63: =O61 | P63: =交易明細!L32 | Q63: =IF(N63="已下單",O63*P63,0) | R63: =R62+Q63 | S63: =S62-IF(N63="已下單",M63,0) | T63: =R63-S63 | U63: =U62-IF(N63="已下單",1,0) | V63: =IF(資金模擬!$B$9=2,MAX(R63,0),MAX(V62,FLOOR(MAX(R63,0),資金模擬!$B$6))) | W63: =MAX(W62,R63) | X63: =IF(W63>0,R63/W63-1,-1) | Y63: =IF(R63>0,S63*資金模擬!$B$7/R63,0) | Z63: =IF(OR(Z62=1,R63<=資金模擬!$B$10),1,0)
A64: 62 | B64: 46268.417 | C64: 進場 | D64: 32 | E64: SKR_USDT_PERP | F64: 做空 | G64: 0.022336 | H64: 0.02166592 | I64: 0.0234528 | M64: =資金模擬!$B$5*V63 | N64: =IF(Z63=1,"已停止",IF(T63>=M64,"已下單","資金不足略過")) | O64: =IF(N64="已下單",M64*資金模擬!$B$7,0) | Q64: 0 | R64: =R63+Q64 | S64: =S63+IF(N64="已下單",M64,0) | T64: =R64-S64 | U64: =U63+IF(N64="已下單",1,0) | V64: =IF(資金模擬!$B$9=2,MAX(R64,0),MAX(V63,FLOOR(MAX(R64,0),資金模擬!$B$6))) | W64: =MAX(W63,R64) | X64: =IF(W64>0,R64/W64-1,-1) | Y64: =IF(R64>0,S64*資金模擬!$B$7/R64,0) | Z64: =IF(OR(Z63=1,R64<=資金模擬!$B$10),1,0)
A65: 63 | B65: 46268.458 | C65: 出場 | D65: 32 | E65: SKR_USDT_PERP | F65: 做空 | G65: 0.022336 | H65: 0.02166592 | I65: 0.0234528 | J65: 0.02166592 | K65: 止盈 | L65: =交易明細!K33 | M65: =M64 | N65: =N64 | O65: =O64 | P65: =交易明細!L33 | Q65: =IF(N65="已下單",O65*P65,0) | R65: =R64+Q65 | S65: =S64-IF(N65="已下單",M65,0) | T65: =R65-S65 | U65: =U64-IF(N65="已下單",1,0) | V65: =IF(資金模擬!$B$9=2,MAX(R65,0),MAX(V64,FLOOR(MAX(R65,0),資金模擬!$B$6))) | W65: =MAX(W64,R65) | X65: =IF(W65>0,R65/W65-1,-1) | Y65: =IF(R65>0,S65*資金模擬!$B$7/R65,0) | Z65: =IF(OR(Z64=1,R65<=資金模擬!$B$10),1,0)
A66: 64 | B66: 46268.75 | C66: 出場 | D66: 24 | E66: UNI_USDT_PERP | F66: 做空 | G66: 5.744 | H66: 5.57168 | I66: 6.0312 | J66: 6.0312 | K66: 止損 | L66: =交易明細!K25 | M66: =M45 | N66: =N45 | O66: =O45 | P66: =交易明細!L25 | Q66: =IF(N66="已下單",O66*P66,0) | R66: =R65+Q66 | S66: =S65-IF(N66="已下單",M66,0) | T66: =R66-S66 | U66: =U65-IF(N66="已下單",1,0) | V66: =IF(資金模擬!$B$9=2,MAX(R66,0),MAX(V65,FLOOR(MAX(R66,0),資金模擬!$B$6))) | W66: =MAX(W65,R66) | X66: =IF(W66>0,R66/W66-1,-1) | Y66: =IF(R66>0,S66*資金模擬!$B$7/R66,0) | Z66: =IF(OR(Z65=1,R66<=資金模擬!$B$10),1,0)
A67: 65 | B67: 46268.75 | C67: 進場 | D67: 33 | E67: HEMI_USDT_PERP | F67: 做多 | G67: 0.01608 | H67: 0.0165624 | I67: 0.015276 | M67: =資金模擬!$B$5*V66 | N67: =IF(Z66=1,"已停止",IF(T66>=M67,"已下單","資金不足略過")) | O67: =IF(N67="已下單",M67*資金模擬!$B$7,0) | Q67: 0 | R67: =R66+Q67 | S67: =S66+IF(N67="已下單",M67,0) | T67: =R67-S67 | U67: =U66+IF(N67="已下單",1,0) | V67: =IF(資金模擬!$B$9=2,MAX(R67,0),MAX(V66,FLOOR(MAX(R67,0),資金模擬!$B$6))) | W67: =MAX(W66,R67) | X67: =IF(W67>0,R67/W67-1,-1) | Y67: =IF(R67>0,S67*資金模擬!$B$7/R67,0) | Z67: =IF(OR(Z66=1,R67<=資金模擬!$B$10),1,0)
A68: 66 | B68: 46268.792 | C68: 出場 | D68: 33 | E68: HEMI_USDT_PERP | F68: 做多 | G68: 0.01608 | H68: 0.0165624 | I68: 0.015276 | J68: 0.0165624 | K68: 止盈 | L68: =交易明細!K34 | M68: =M67 | N68: =N67 | O68: =O67 | P68: =交易明細!L34 | Q68: =IF(N68="已下單",O68*P68,0) | R68: =R67+Q68 | S68: =S67-IF(N68="已下單",M68,0) | T68: =R68-S68 | U68: =U67-IF(N68="已下單",1,0) | V68: =IF(資金模擬!$B$9=2,MAX(R68,0),MAX(V67,FLOOR(MAX(R68,0),資金模擬!$B$6))) | W68: =MAX(W67,R68) | X68: =IF(W68>0,R68/W68-1,-1) | Y68: =IF(R68>0,S68*資金模擬!$B$7/R68,0) | Z68: =IF(OR(Z67=1,R68<=資金模擬!$B$10),1,0)
A69: 67 | B69: 46268.833 | C69: 進場 | D69: 34 | E69: LIT_USDT_PERP | F69: 做多 | G69: 3.935 | H69: 4.05305 | I69: 3.73825 | M69: =資金模擬!$B$5*V68 | N69: =IF(Z68=1,"已停止",IF(T68>=M69,"已下單","資金不足略過")) | O69: =IF(N69="已下單",M69*資金模擬!$B$7,0) | Q69: 0 | R69: =R68+Q69 | S69: =S68+IF(N69="已下單",M69,0) | T69: =R69-S69 | U69: =U68+IF(N69="已下單",1,0) | V69: =IF(資金模擬!$B$9=2,MAX(R69,0),MAX(V68,FLOOR(MAX(R69,0),資金模擬!$B$6))) | W69: =MAX(W68,R69) | X69: =IF(W69>0,R69/W69-1,-1) | Y69: =IF(R69>0,S69*資金模擬!$B$7/R69,0) | Z69: =IF(OR(Z68=1,R69<=資金模擬!$B$10),1,0)
A70: 68 | B70: 46268.917 | C70: 進場 | D70: 35 | E70: BTR_USDT_PERP | F70: 做多 | G70: 0.04945 | H70: 0.0509335 | I70: 0.0469775 | M70: =資金模擬!$B$5*V69 | N70: =IF(Z69=1,"已停止",IF(T69>=M70,"已下單","資金不足略過")) | O70: =IF(N70="已下單",M70*資金模擬!$B$7,0) | Q70: 0 | R70: =R69+Q70 | S70: =S69+IF(N70="已下單",M70,0) | T70: =R70-S70 | U70: =U69+IF(N70="已下單",1,0) | V70: =IF(資金模擬!$B$9=2,MAX(R70,0),MAX(V69,FLOOR(MAX(R70,0),資金模擬!$B$6))) | W70: =MAX(W69,R70) | X70: =IF(W70>0,R70/W70-1,-1) | Y70: =IF(R70>0,S70*資金模擬!$B$7/R70,0) | Z70: =IF(OR(Z69=1,R70<=資金模擬!$B$10),1,0)
A71: 69 | B71: 46269 | C71: 出場 | D71: 34 | E71: LIT_USDT_PERP | F71: 做多 | G71: 3.935 | H71: 4.05305 | I71: 3.73825 | J71: 4.05305 | K71: 止盈 | L71: =交易明細!K35 | M71: =M69 | N71: =N69 | O71: =O69 | P71: =交易明細!L35 | Q71: =IF(N71="已下單",O71*P71,0) | R71: =R70+Q71 | S71: =S70-IF(N71="已下單",M71,0) | T71: =R71-S71 | U71: =U70-IF(N71="已下單",1,0) | V71: =IF(資金模擬!$B$9=2,MAX(R71,0),MAX(V70,FLOOR(MAX(R71,0),資金模擬!$B$6))) | W71: =MAX(W70,R71) | X71: =IF(W71>0,R71/W71-1,-1) | Y71: =IF(R71>0,S71*資金模擬!$B$7/R71,0) | Z71: =IF(OR(Z70=1,R71<=資金模擬!$B$10),1,0)
A72: 70 | B72: 46269 | C72: 出場 | D72: 35 | E72: BTR_USDT_PERP | F72: 做多 | G72: 0.04945 | H72: 0.0509335 | I72: 0.0469775 | J72: 0.0469775 | K72: 止損 | L72: =交易明細!K36 | M72: =M70 | N72: =N70 | O72: =O70 | P72: =交易明細!L36 | Q72: =IF(N72="已下單",O72*P72,0) | R72: =R71+Q72 | S72: =S71-IF(N72="已下單",M72,0) | T72: =R72-S72 | U72: =U71-IF(N72="已下單",1,0) | V72: =IF(資金模擬!$B$9=2,MAX(R72,0),MAX(V71,FLOOR(MAX(R72,0),資金模擬!$B$6))) | W72: =MAX(W71,R72) | X72: =IF(W72>0,R72/W72-1,-1) | Y72: =IF(R72>0,S72*資金模擬!$B$7/R72,0) | Z72: =IF(OR(Z71=1,R72<=資金模擬!$B$10),1,0)
A73: 71 | B73: 46269 | C73: 進場 | D73: 36 | E73: HEMI_USDT_PERP | F73: 做多 | G73: 0.01679 | H73: 0.0172937 | I73: 0.0159505 | M73: =資金模擬!$B$5*V72 | N73: =IF(Z72=1,"已停止",IF(T72>=M73,"已下單","資金不足略過")) | O73: =IF(N73="已下單",M73*資金模擬!$B$7,0) | Q73: 0 | R73: =R72+Q73 | S73: =S72+IF(N73="已下單",M73,0) | T73: =R73-S73 | U73: =U72+IF(N73="已下單",1,0) | V73: =IF(資金模擬!$B$9=2,MAX(R73,0),MAX(V72,FLOOR(MAX(R73,0),資金模擬!$B$6))) | W73: =MAX(W72,R73) | X73: =IF(W73>0,R73/W73-1,-1) | Y73: =IF(R73>0,S73*資金模擬!$B$7/R73,0) | Z73: =IF(OR(Z72=1,R73<=資金模擬!$B$10),1,0)
A74: 72 | B74: 46269.042 | C74: 出場 | D74: 36 | E74: HEMI_USDT_PERP | F74: 做多 | G74: 0.01679 | H74: 0.0172937 | I74: 0.0159505 | J74: 0.0159505 | K74: 止損 | L74: =交易明細!K37 | M74: =M73 | N74: =N73 | O74: =O73 | P74: =交易明細!L37 | Q74: =IF(N74="已下單",O74*P74,0) | R74: =R73+Q74 | S74: =S73-IF(N74="已下單",M74,0) | T74: =R74-S74 | U74: =U73-IF(N74="已下單",1,0) | V74: =IF(資金模擬!$B$9=2,MAX(R74,0),MAX(V73,FLOOR(MAX(R74,0),資金模擬!$B$6))) | W74: =MAX(W73,R74) | X74: =IF(W74>0,R74/W74-1,-1) | Y74: =IF(R74>0,S74*資金模擬!$B$7/R74,0) | Z74: =IF(OR(Z73=1,R74<=資金模擬!$B$10),1,0)
A75: 73 | B75: 46269.125 | C75: 進場 | D75: 37 | E75: UNI_USDT_PERP | F75: 做多 | G75: 6.266 | H75: 6.45398 | I75: 5.9527 | M75: =資金模擬!$B$5*V74 | N75: =IF(Z74=1,"已停止",IF(T74>=M75,"已下單","資金不足略過")) | O75: =IF(N75="已下單",M75*資金模擬!$B$7,0) | Q75: 0 | R75: =R74+Q75 | S75: =S74+IF(N75="已下單",M75,0) | T75: =R75-S75 | U75: =U74+IF(N75="已下單",1,0) | V75: =IF(資金模擬!$B$9=2,MAX(R75,0),MAX(V74,FLOOR(MAX(R75,0),資金模擬!$B$6))) | W75: =MAX(W74,R75) | X75: =IF(W75>0,R75/W75-1,-1) | Y75: =IF(R75>0,S75*資金模擬!$B$7/R75,0) | Z75: =IF(OR(Z74=1,R75<=資金模擬!$B$10),1,0)
A76: 74 | B76: 46269.25 | C76: 出場 | D76: 37 | E76: UNI_USDT_PERP | F76: 做多 | G76: 6.266 | H76: 6.45398 | I76: 5.9527 | J76: 6.45398 | K76: 止盈 | L76: =交易明細!K38 | M76: =M75 | N76: =N75 | O76: =O75 | P76: =交易明細!L38 | Q76: =IF(N76="已下單",O76*P76,0) | R76: =R75+Q76 | S76: =S75-IF(N76="已下單",M76,0) | T76: =R76-S76 | U76: =U75-IF(N76="已下單",1,0) | V76: =IF(資金模擬!$B$9=2,MAX(R76,0),MAX(V75,FLOOR(MAX(R76,0),資金模擬!$B$6))) | W76: =MAX(W75,R76) | X76: =IF(W76>0,R76/W76-1,-1) | Y76: =IF(R76>0,S76*資金模擬!$B$7/R76,0) | Z76: =IF(OR(Z75=1,R76<=資金模擬!$B$10),1,0)
A77: 75 | B77: 46269.292 | C77: 進場 | D77: 38 | E77: PUMP_USDT_PERP | F77: 做空 | G77: 0.004273 | H77: 0.00414481 | I77: 0.00448665 | M77: =資金模擬!$B$5*V76 | N77: =IF(Z76=1,"已停止",IF(T76>=M77,"已下單","資金不足略過")) | O77: =IF(N77="已下單",M77*資金模擬!$B$7,0) | Q77: 0 | R77: =R76+Q77 | S77: =S76+IF(N77="已下單",M77,0) | T77: =R77-S77 | U77: =U76+IF(N77="已下單",1,0) | V77: =IF(資金模擬!$B$9=2,MAX(R77,0),MAX(V76,FLOOR(MAX(R77,0),資金模擬!$B$6))) | W77: =MAX(W76,R77) | X77: =IF(W77>0,R77/W77-1,-1) | Y77: =IF(R77>0,S77*資金模擬!$B$7/R77,0) | Z77: =IF(OR(Z76=1,R77<=資金模擬!$B$10),1,0)
A78: 76 | B78: 46269.375 | C78: 出場 | D78: 38 | E78: PUMP_USDT_PERP | F78: 做空 | G78: 0.004273 | H78: 0.00414481 | I78: 0.00448665 | J78: 0.00414481 | K78: 止盈 | L78: =交易明細!K39 | M78: =M77 | N78: =N77 | O78: =O77 | P78: =交易明細!L39 | Q78: =IF(N78="已下單",O78*P78,0) | R78: =R77+Q78 | S78: =S77-IF(N78="已下單",M78,0) | T78: =R78-S78 | U78: =U77-IF(N78="已下單",1,0) | V78: =IF(資金模擬!$B$9=2,MAX(R78,0),MAX(V77,FLOOR(MAX(R78,0),資金模擬!$B$6))) | W78: =MAX(W77,R78) | X78: =IF(W78>0,R78/W78-1,-1) | Y78: =IF(R78>0,S78*資金模擬!$B$7/R78,0) | Z78: =IF(OR(Z77=1,R78<=資金模擬!$B$10),1,0)
A79: 77 | B79: 46269.375 | C79: 進場 | D79: 39 | E79: TRUMP_USDT_PERP | F79: 做空 | G79: 2.334 | H79: 2.26398 | I79: 2.4507 | M79: =資金模擬!$B$5*V78 | N79: =IF(Z78=1,"已停止",IF(T78>=M79,"已下單","資金不足略過")) | O79: =IF(N79="已下單",M79*資金模擬!$B$7,0) | Q79: 0 | R79: =R78+Q79 | S79: =S78+IF(N79="已下單",M79,0) | T79: =R79-S79 | U79: =U78+IF(N79="已下單",1,0) | V79: =IF(資金模擬!$B$9=2,MAX(R79,0),MAX(V78,FLOOR(MAX(R79,0),資金模擬!$B$6))) | W79: =MAX(W78,R79) | X79: =IF(W79>0,R79/W79-1,-1) | Y79: =IF(R79>0,S79*資金模擬!$B$7/R79,0) | Z79: =IF(OR(Z78=1,R79<=資金模擬!$B$10),1,0)
A80: 78 | B80: 46269.583 | C80: 進場 | D80: 40 | E80: UAI_USDT_PERP | F80: 做多 | G80: 0.3675 | H80: 0.378525 | I80: 0.349125 | M80: =資金模擬!$B$5*V79 | N80: =IF(Z79=1,"已停止",IF(T79>=M80,"已下單","資金不足略過")) | O80: =IF(N80="已下單",M80*資金模擬!$B$7,0) | Q80: 0 | R80: =R79+Q80 | S80: =S79+IF(N80="已下單",M80,0) | T80: =R80-S80 | U80: =U79+IF(N80="已下單",1,0) | V80: =IF(資金模擬!$B$9=2,MAX(R80,0),MAX(V79,FLOOR(MAX(R80,0),資金模擬!$B$6))) | W80: =MAX(W79,R80) | X80: =IF(W80>0,R80/W80-1,-1) | Y80: =IF(R80>0,S80*資金模擬!$B$7/R80,0) | Z80: =IF(OR(Z79=1,R80<=資金模擬!$B$10),1,0)
A81: 79 | B81: 46269.625 | C81: 出場 | D81: 40 | E81: UAI_USDT_PERP | F81: 做多 | G81: 0.3675 | H81: 0.378525 | I81: 0.349125 | J81: 0.378525 | K81: 止盈 | L81: =交易明細!K41 | M81: =M80 | N81: =N80 | O81: =O80 | P81: =交易明細!L41 | Q81: =IF(N81="已下單",O81*P81,0) | R81: =R80+Q81 | S81: =S80-IF(N81="已下單",M81,0) | T81: =R81-S81 | U81: =U80-IF(N81="已下單",1,0) | V81: =IF(資金模擬!$B$9=2,MAX(R81,0),MAX(V80,FLOOR(MAX(R81,0),資金模擬!$B$6))) | W81: =MAX(W80,R81) | X81: =IF(W81>0,R81/W81-1,-1) | Y81: =IF(R81>0,S81*資金模擬!$B$7/R81,0) | Z81: =IF(OR(Z80=1,R81<=資金模擬!$B$10),1,0)
A82: 80 | B82: 46269.625 | C82: 進場 | D82: 41 | E82: CHIP_USDT_PERP | F82: 做空 | G82: 0.0548 | H82: 0.053156 | I82: 0.05754 | M82: =資金模擬!$B$5*V81 | N82: =IF(Z81=1,"已停止",IF(T81>=M82,"已下單","資金不足略過")) | O82: =IF(N82="已下單",M82*資金模擬!$B$7,0) | Q82: 0 | R82: =R81+Q82 | S82: =S81+IF(N82="已下單",M82,0) | T82: =R82-S82 | U82: =U81+IF(N82="已下單",1,0) | V82: =IF(資金模擬!$B$9=2,MAX(R82,0),MAX(V81,FLOOR(MAX(R82,0),資金模擬!$B$6))) | W82: =MAX(W81,R82) | X82: =IF(W82>0,R82/W82-1,-1) | Y82: =IF(R82>0,S82*資金模擬!$B$7/R82,0) | Z82: =IF(OR(Z81=1,R82<=資金模擬!$B$10),1,0)
A83: 81 | B83: 46269.667 | C83: 進場 | D83: 42 | E83: PONS_USDT_PERP | F83: 做多 | G83: 0.6479 | H83: 0.667337 | I83: 0.615505 | M83: =資金模擬!$B$5*V82 | N83: =IF(Z82=1,"已停止",IF(T82>=M83,"已下單","資金不足略過")) | O83: =IF(N83="已下單",M83*資金模擬!$B$7,0) | Q83: 0 | R83: =R82+Q83 | S83: =S82+IF(N83="已下單",M83,0) | T83: =R83-S83 | U83: =U82+IF(N83="已下單",1,0) | V83: =IF(資金模擬!$B$9=2,MAX(R83,0),MAX(V82,FLOOR(MAX(R83,0),資金模擬!$B$6))) | W83: =MAX(W82,R83) | X83: =IF(W83>0,R83/W83-1,-1) | Y83: =IF(R83>0,S83*資金模擬!$B$7/R83,0) | Z83: =IF(OR(Z82=1,R83<=資金模擬!$B$10),1,0)
A84: 82 | B84: 46269.667 | C84: 進場 | D84: 43 | E84: UAI_USDT_PERP | F84: 做空 | G84: 0.3446 | H84: 0.334262 | I84: 0.36183 | M84: =資金模擬!$B$5*V83 | N84: =IF(Z83=1,"已停止",IF(T83>=M84,"已下單","資金不足略過")) | O84: =IF(N84="已下單",M84*資金模擬!$B$7,0) | Q84: 0 | R84: =R83+Q84 | S84: =S83+IF(N84="已下單",M84,0) | T84: =R84-S84 | U84: =U83+IF(N84="已下單",1,0) | V84: =IF(資金模擬!$B$9=2,MAX(R84,0),MAX(V83,FLOOR(MAX(R84,0),資金模擬!$B$6))) | W84: =MAX(W83,R84) | X84: =IF(W84>0,R84/W84-1,-1) | Y84: =IF(R84>0,S84*資金模擬!$B$7/R84,0) | Z84: =IF(OR(Z83=1,R84<=資金模擬!$B$10),1,0)
A85: 83 | B85: 46269.708 | C85: 出場 | D85: 42 | E85: PONS_USDT_PERP | F85: 做多 | G85: 0.6479 | H85: 0.667337 | I85: 0.615505 | J85: 0.667337 | K85: 止盈 | L85: =交易明細!K43 | M85: =M83 | N85: =N83 | O85: =O83 | P85: =交易明細!L43 | Q85: =IF(N85="已下單",O85*P85,0) | R85: =R84+Q85 | S85: =S84-IF(N85="已下單",M85,0) | T85: =R85-S85 | U85: =U84-IF(N85="已下單",1,0) | V85: =IF(資金模擬!$B$9=2,MAX(R85,0),MAX(V84,FLOOR(MAX(R85,0),資金模擬!$B$6))) | W85: =MAX(W84,R85) | X85: =IF(W85>0,R85/W85-1,-1) | Y85: =IF(R85>0,S85*資金模擬!$B$7/R85,0) | Z85: =IF(OR(Z84=1,R85<=資金模擬!$B$10),1,0)
A86: 84 | B86: 46269.708 | C86: 出場 | D86: 43 | E86: UAI_USDT_PERP | F86: 做空 | G86: 0.3446 | H86: 0.334262 | I86: 0.36183 | J86: 0.36183 | K86: 止損 | L86: =交易明細!K44 | M86: =M84 | N86: =N84 | O86: =O84 | P86: =交易明細!L44 | Q86: =IF(N86="已下單",O86*P86,0) | R86: =R85+Q86 | S86: =S85-IF(N86="已下單",M86,0) | T86: =R86-S86 | U86: =U85-IF(N86="已下單",1,0) | V86: =IF(資金模擬!$B$9=2,MAX(R86,0),MAX(V85,FLOOR(MAX(R86,0),資金模擬!$B$6))) | W86: =MAX(W85,R86) | X86: =IF(W86>0,R86/W86-1,-1) | Y86: =IF(R86>0,S86*資金模擬!$B$7/R86,0) | Z86: =IF(OR(Z85=1,R86<=資金模擬!$B$10),1,0)
A87: 85 | B87: 46269.708 | C87: 進場 | D87: 44 | E87: BULLA_USDT_PERP | F87: 做多 | G87: 0.03347 | H87: 0.0344741 | I87: 0.0317965 | M87: =資金模擬!$B$5*V86 | N87: =IF(Z86=1,"已停止",IF(T86>=M87,"已下單","資金不足略過")) | O87: =IF(N87="已下單",M87*資金模擬!$B$7,0) | Q87: 0 | R87: =R86+Q87 | S87: =S86+IF(N87="已下單",M87,0) | T87: =R87-S87 | U87: =U86+IF(N87="已下單",1,0) | V87: =IF(資金模擬!$B$9=2,MAX(R87,0),MAX(V86,FLOOR(MAX(R87,0),資金模擬!$B$6))) | W87: =MAX(W86,R87) | X87: =IF(W87>0,R87/W87-1,-1) | Y87: =IF(R87>0,S87*資金模擬!$B$7/R87,0) | Z87: =IF(OR(Z86=1,R87<=資金模擬!$B$10),1,0)
A88: 86 | B88: 46269.708 | C88: 進場 | D88: 45 | E88: UNI_USDT_PERP | F88: 做多 | G88: 6.366 | H88: 6.55698 | I88: 6.0477 | M88: =資金模擬!$B$5*V87 | N88: =IF(Z87=1,"已停止",IF(T87>=M88,"已下單","資金不足略過")) | O88: =IF(N88="已下單",M88*資金模擬!$B$7,0) | Q88: 0 | R88: =R87+Q88 | S88: =S87+IF(N88="已下單",M88,0) | T88: =R88-S88 | U88: =U87+IF(N88="已下單",1,0) | V88: =IF(資金模擬!$B$9=2,MAX(R88,0),MAX(V87,FLOOR(MAX(R88,0),資金模擬!$B$6))) | W88: =MAX(W87,R88) | X88: =IF(W88>0,R88/W88-1,-1) | Y88: =IF(R88>0,S88*資金模擬!$B$7/R88,0) | Z88: =IF(OR(Z87=1,R88<=資金模擬!$B$10),1,0)
A89: 87 | B89: 46269.708 | C89: 進場 | D89: 46 | E89: XPL_USDT_PERP | F89: 做多 | G89: 0.096 | H89: 0.09888 | I89: 0.0912 | M89: =資金模擬!$B$5*V88 | N89: =IF(Z88=1,"已停止",IF(T88>=M89,"已下單","資金不足略過")) | O89: =IF(N89="已下單",M89*資金模擬!$B$7,0) | Q89: 0 | R89: =R88+Q89 | S89: =S88+IF(N89="已下單",M89,0) | T89: =R89-S89 | U89: =U88+IF(N89="已下單",1,0) | V89: =IF(資金模擬!$B$9=2,MAX(R89,0),MAX(V88,FLOOR(MAX(R89,0),資金模擬!$B$6))) | W89: =MAX(W88,R89) | X89: =IF(W89>0,R89/W89-1,-1) | Y89: =IF(R89>0,S89*資金模擬!$B$7/R89,0) | Z89: =IF(OR(Z88=1,R89<=資金模擬!$B$10),1,0)
A90: 88 | B90: 46269.75 | C90: 出場 | D90: 41 | E90: CHIP_USDT_PERP | F90: 做空 | G90: 0.0548 | H90: 0.053156 | I90: 0.05754 | J90: 0.05754 | K90: 止損 | L90: =交易明細!K42 | M90: =M82 | N90: =N82 | O90: =O82 | P90: =交易明細!L42 | Q90: =IF(N90="已下單",O90*P90,0) | R90: =R89+Q90 | S90: =S89-IF(N90="已下單",M90,0) | T90: =R90-S90 | U90: =U89-IF(N90="已下單",1,0) | V90: =IF(資金模擬!$B$9=2,MAX(R90,0),MAX(V89,FLOOR(MAX(R90,0),資金模擬!$B$6))) | W90: =MAX(W89,R90) | X90: =IF(W90>0,R90/W90-1,-1) | Y90: =IF(R90>0,S90*資金模擬!$B$7/R90,0) | Z90: =IF(OR(Z89=1,R90<=資金模擬!$B$10),1,0)
A91: 89 | B91: 46269.75 | C91: 出場 | D91: 44 | E91: BULLA_USDT_PERP | F91: 做多 | G91: 0.03347 | H91: 0.0344741 | I91: 0.0317965 | J91: 0.0344741 | K91: 止盈 | L91: =交易明細!K45 | M91: =M87 | N91: =N87 | O91: =O87 | P91: =交易明細!L45 | Q91: =IF(N91="已下單",O91*P91,0) | R91: =R90+Q91 | S91: =S90-IF(N91="已下單",M91,0) | T91: =R91-S91 | U91: =U90-IF(N91="已下單",1,0) | V91: =IF(資金模擬!$B$9=2,MAX(R91,0),MAX(V90,FLOOR(MAX(R91,0),資金模擬!$B$6))) | W91: =MAX(W90,R91) | X91: =IF(W91>0,R91/W91-1,-1) | Y91: =IF(R91>0,S91*資金模擬!$B$7/R91,0) | Z91: =IF(OR(Z90=1,R91<=資金模擬!$B$10),1,0)
A92: 90 | B92: 46269.75 | C92: 進場 | D92: 47 | E92: ARB_USDT_PERP | F92: 做多 | G92: 0.1404 | H92: 0.144612 | I92: 0.13338 | M92: =資金模擬!$B$5*V91 | N92: =IF(Z91=1,"已停止",IF(T91>=M92,"已下單","資金不足略過")) | O92: =IF(N92="已下單",M92*資金模擬!$B$7,0) | Q92: 0 | R92: =R91+Q92 | S92: =S91+IF(N92="已下單",M92,0) | T92: =R92-S92 | U92: =U91+IF(N92="已下單",1,0) | V92: =IF(資金模擬!$B$9=2,MAX(R92,0),MAX(V91,FLOOR(MAX(R92,0),資金模擬!$B$6))) | W92: =MAX(W91,R92) | X92: =IF(W92>0,R92/W92-1,-1) | Y92: =IF(R92>0,S92*資金模擬!$B$7/R92,0) | Z92: =IF(OR(Z91=1,R92<=資金模擬!$B$10),1,0)
A93: 91 | B93: 46269.75 | C93: 進場 | D93: 48 | E93: BTR_USDT_PERP | F93: 做多 | G93: 0.05138 | H93: 0.0529214 | I93: 0.048811 | M93: =資金模擬!$B$5*V92 | N93: =IF(Z92=1,"已停止",IF(T92>=M93,"已下單","資金不足略過")) | O93: =IF(N93="已下單",M93*資金模擬!$B$7,0) | Q93: 0 | R93: =R92+Q93 | S93: =S92+IF(N93="已下單",M93,0) | T93: =R93-S93 | U93: =U92+IF(N93="已下單",1,0) | V93: =IF(資金模擬!$B$9=2,MAX(R93,0),MAX(V92,FLOOR(MAX(R93,0),資金模擬!$B$6))) | W93: =MAX(W92,R93) | X93: =IF(W93>0,R93/W93-1,-1) | Y93: =IF(R93>0,S93*資金模擬!$B$7/R93,0) | Z93: =IF(OR(Z92=1,R93<=資金模擬!$B$10),1,0)
A94: 92 | B94: 46269.75 | C94: 進場 | D94: 49 | E94: EDGE_USDT_PERP | F94: 做空 | G94: 0.6109 | H94: 0.592573 | I94: 0.641445 | M94: =資金模擬!$B$5*V93 | N94: =IF(Z93=1,"已停止",IF(T93>=M94,"已下單","資金不足略過")) | O94: =IF(N94="已下單",M94*資金模擬!$B$7,0) | Q94: 0 | R94: =R93+Q94 | S94: =S93+IF(N94="已下單",M94,0) | T94: =R94-S94 | U94: =U93+IF(N94="已下單",1,0) | V94: =IF(資金模擬!$B$9=2,MAX(R94,0),MAX(V93,FLOOR(MAX(R94,0),資金模擬!$B$6))) | W94: =MAX(W93,R94) | X94: =IF(W94>0,R94/W94-1,-1) | Y94: =IF(R94>0,S94*資金模擬!$B$7/R94,0) | Z94: =IF(OR(Z93=1,R94<=資金模擬!$B$10),1,0)
A95: 93 | B95: 46269.792 | C95: 進場 | D95: 50 | E95: BULLA_USDT_PERP | F95: 做多 | G95: 0.03417 | H95: 0.0351951 | I95: 0.0324615 | M95: =資金模擬!$B$5*V94 | N95: =IF(Z94=1,"已停止",IF(T94>=M95,"已下單","資金不足略過")) | O95: =IF(N95="已下單",M95*資金模擬!$B$7,0) | Q95: 0 | R95: =R94+Q95 | S95: =S94+IF(N95="已下單",M95,0) | T95: =R95-S95 | U95: =U94+IF(N95="已下單",1,0) | V95: =IF(資金模擬!$B$9=2,MAX(R95,0),MAX(V94,FLOOR(MAX(R95,0),資金模擬!$B$6))) | W95: =MAX(W94,R95) | X95: =IF(W95>0,R95/W95-1,-1) | Y95: =IF(R95>0,S95*資金模擬!$B$7/R95,0) | Z95: =IF(OR(Z94=1,R95<=資金模擬!$B$10),1,0)
A96: 94 | B96: 46269.833 | C96: 出場 | D96: 46 | E96: XPL_USDT_PERP | F96: 做多 | G96: 0.096 | H96: 0.09888 | I96: 0.0912 | J96: 0.09888 | K96: 止盈 | L96: =交易明細!K47 | M96: =M89 | N96: =N89 | O96: =O89 | P96: =交易明細!L47 | Q96: =IF(N96="已下單",O96*P96,0) | R96: =R95+Q96 | S96: =S95-IF(N96="已下單",M96,0) | T96: =R96-S96 | U96: =U95-IF(N96="已下單",1,0) | V96: =IF(資金模擬!$B$9=2,MAX(R96,0),MAX(V95,FLOOR(MAX(R96,0),資金模擬!$B$6))) | W96: =MAX(W95,R96) | X96: =IF(W96>0,R96/W96-1,-1) | Y96: =IF(R96>0,S96*資金模擬!$B$7/R96,0) | Z96: =IF(OR(Z95=1,R96<=資金模擬!$B$10),1,0)
A97: 95 | B97: 46269.833 | C97: 出場 | D97: 50 | E97: BULLA_USDT_PERP | F97: 做多 | G97: 0.03417 | H97: 0.0351951 | I97: 0.0324615 | J97: 0.0351951 | K97: 止盈 | L97: =交易明細!K51 | M97: =M95 | N97: =N95 | O97: =O95 | P97: =交易明細!L51 | Q97: =IF(N97="已下單",O97*P97,0) | R97: =R96+Q97 | S97: =S96-IF(N97="已下單",M97,0) | T97: =R97-S97 | U97: =U96-IF(N97="已下單",1,0) | V97: =IF(資金模擬!$B$9=2,MAX(R97,0),MAX(V96,FLOOR(MAX(R97,0),資金模擬!$B$6))) | W97: =MAX(W96,R97) | X97: =IF(W97>0,R97/W97-1,-1) | Y97: =IF(R97>0,S97*資金模擬!$B$7/R97,0) | Z97: =IF(OR(Z96=1,R97<=資金模擬!$B$10),1,0)
A98: 96 | B98: 46269.875 | C98: 出場 | D98: 39 | E98: TRUMP_USDT_PERP | F98: 做空 | G98: 2.334 | H98: 2.26398 | I98: 2.4507 | J98: 2.26398 | K98: 止盈 | L98: =交易明細!K40 | M98: =M79 | N98: =N79 | O98: =O79 | P98: =交易明細!L40 | Q98: =IF(N98="已下單",O98*P98,0) | R98: =R97+Q98 | S98: =S97-IF(N98="已下單",M98,0) | T98: =R98-S98 | U98: =U97-IF(N98="已下單",1,0) | V98: =IF(資金模擬!$B$9=2,MAX(R98,0),MAX(V97,FLOOR(MAX(R98,0),資金模擬!$B$6))) | W98: =MAX(W97,R98) | X98: =IF(W98>0,R98/W98-1,-1) | Y98: =IF(R98>0,S98*資金模擬!$B$7/R98,0) | Z98: =IF(OR(Z97=1,R98<=資金模擬!$B$10),1,0)
A99: 97 | B99: 46269.875 | C99: 出場 | D99: 47 | E99: ARB_USDT_PERP | F99: 做多 | G99: 0.1404 | H99: 0.144612 | I99: 0.13338 | J99: 0.13338 | K99: 止損 | L99: =交易明細!K48 | M99: =M92 | N99: =N92 | O99: =O92 | P99: =交易明細!L48 | Q99: =IF(N99="已下單",O99*P99,0) | R99: =R98+Q99 | S99: =S98-IF(N99="已下單",M99,0) | T99: =R99-S99 | U99: =U98-IF(N99="已下單",1,0) | V99: =IF(資金模擬!$B$9=2,MAX(R99,0),MAX(V98,FLOOR(MAX(R99,0),資金模擬!$B$6))) | W99: =MAX(W98,R99) | X99: =IF(W99>0,R99/W99-1,-1) | Y99: =IF(R99>0,S99*資金模擬!$B$7/R99,0) | Z99: =IF(OR(Z98=1,R99<=資金模擬!$B$10),1,0)
A100: 98 | B100: 46269.875 | C100: 出場 | D100: 48 | E100: BTR_USDT_PERP | F100: 做多 | G100: 0.05138 | H100: 0.0529214 | I100: 0.048811 | J100: 0.048811 | K100: 止損 | L100: =交易明細!K49 | M100: =M93 | N100: =N93 | O100: =O93 | P100: =交易明細!L49 | Q100: =IF(N100="已下單",O100*P100,0) | R100: =R99+Q100 | S100: =S99-IF(N100="已下單",M100,0) | T100: =R100-S100 | U100: =U99-IF(N100="已下單",1,0) | V100: =IF(資金模擬!$B$9=2,MAX(R100,0),MAX(V99,FLOOR(MAX(R100,0),資金模擬!$B$6))) | W100: =MAX(W99,R100) | X100: =IF(W100>0,R100/W100-1,-1) | Y100: =IF(R100>0,S100*資金模擬!$B$7/R100,0) | Z100: =IF(OR(Z99=1,R100<=資金模擬!$B$10),1,0)
...

Sheet 參數
A1: 項目 | B1: 數值 | C1: 說明
A2: 市場 | B2: PERP | C2: PERP=永續合約 / SPOT=現貨
A3: 回測區間 | B3: 2026-09-01 00:00 ~ 2026-09-27 06:56（Dry Run） | C3: 台北時間
A4: K棒週期 | B4: 60 分鐘 | C4: 訊號於K棒收盤判斷、以收盤價進場
A5: 止盈 | B5: 0.03 | C5: 同方向
A6: 止損 | B6: 0.05 | C6: 反方向
A7: 單邊手續費 | B7: 0.0005 | C7: 進場、出場各扣一次（可直接改此格，報酬率會重算）
A8: 流動性門檻 (USDT) | B8: 50000 | C8: 近24h平均每小時成交額
A9: 動能門檻 | B9: 0.02 | C9: 收盤 vs 前一根收盤
A10: ATR 門檻 | B10: 0.02 | C10: ATR(14) ÷ 收盤
A11: 均線 | B11: MA20 | C11: 做多站上 / 做空跌破
A12: OBV 比較 | B12: 20 根前 | C12: 做多 OBV 上升 / 做空 OBV 下降
A13: 價格上限 | B13: 不限 | C13: 訊號當下收盤價須低於此值
A14: 時間停損 | B14: 無 | C14: 小時
A15: 同K棒雙觸發 | B15: 5M/15M/30M 依序判斷
A16: 盈虧平衡勝率 | B16: =IFERROR(AVERAGE(交易明細!$AC$2:$AC$509),(B6+2*B7)/(B5+B6)) | C16: 含手續費，各筆平均；勝率低於此值 = 長期虧損
A17: MA20乖離上限 | B17: 0.06 | C17: 超過不進場
A18: 1h漲跌幅上限 | B18: 0.1 | C18: 超過不進場
A19: 出場後冷卻 | B19: 1 | C19: K棒數
A20: 量比下限 | B20: 0.35 | C20: 訊號K量 ÷ 前20根均量
A21: 收盤強度下限 | B21: 不限 | C21: 1=收在順勢端極值
A22: 長週期趨勢過濾 | B22: 關閉 | C22: 1h K棒
A23: BTC 趨勢過濾 | B23: 關閉 | C23: BTC 收盤 vs 自身 MA20
A24: 24h盤整排除 | B24: 關閉 | C24: |24h漲跌| 低於此值不進場
A25: BTC同向乖離上限 | B25: 關閉 | C25: BTC 已同向偏離MA20超過此值不進場

Sheet 交易明細
A1: 編號 | B1: 交易對 | C1: 方向 | D1: 進場時間 | E1: 進場價 | F1: 止盈價 | G1: 止損價 | H1: 出場時間 | I1: 出場價 | J1: 結果 | K1: 持倉小時 | L1: 報酬率(含費) | M1: 判定說明 | N1: 前一根漲跌幅 | O1: ATR% | P1: 價格vsMA20 | Q1: OBV 20h變化 | R1: 24h成交額(USDT) | S1: 最大有利(MFE) | T1: 最大不利(MAE) | U1: 量比 | V1: 收盤強度 | W1: 長週期趨勢(順勢) | X1: 24h漲跌(順勢) | Y1: BTC 1h漲跌(順勢) | Z1: BTC vs MA20(順勢) | AA1: 止盈% | AB1: 止損% | AC1: 盈虧平衡勝率
A2: 1 | B2: HEMI_USDT_PERP | C2: 做多 | D2: 46266.042 | E2: 0.01515 | F2: 0.0156045 | G2: 0.0143925 | H2: 46266.083 | I2: 0.0156045 | J2: 止盈 | K2: =(H2-D2)*24 | L2: =IF(C2="做多",I2/E2-1,1-I2/E2)-2*參數!$B$7 | N2: 0.026422764 | O2: 0.054701059 | P2: 0.0068786761 | Q2: 30338196 | R2: 2527661.3 | S2: 0.03 | T2: 0 | U2: 1.4956062 | V2: 0.77586207 | W2: 0.26055664 | X2: 0.30042918 | Y2: 0.00078555596 | Z2: 0.0061873543 | AA2: 0.03 | AB2: 0.05 | AC2: =(AB2+2*參數!$B$7)/(AA2+AB2)
A3: 2 | B3: SKYAI_USDT_PERP | C3: 做空 | D3: 46266.042 | E3: 0.0548 | F3: 0.053156 | G3: 0.05754 | H3: 46266.333 | I3: 0.053156 | J3: 止盈 | K3: =(H3-D3)*24 | L3: =IF(C3="做多",I3/E3-1,1-I3/E3)-2*參數!$B$7 | N3: -0.021078957 | O3: 0.030368463 | P3: -0.0039894946 | Q3: -39041574 | R3: 3589003.9 | S3: 0.03 | T3: 0.023175182 | U3: 1.3689735 | V3: 0.62051282 | W3: -0.0030016839 | X3: -0.014626921 | Y3: -0.00078555596 | Z3: -0.0061873543 | AA3: 0.03 | AB3: 0.05 | AC3: =(AB3+2*參數!$B$7)/(AA3+AB3)
A4: 3 | B4: XMR_USDT_PERP | C4: 做多 | D4: 46266.125 | E4: 531.58 | F4: 547.5274 | G4: 505.001 | H4: 46267 | I4: 505.001 | J4: 止損 | K4: =(H4-D4)*24 | L4: =IF(C4="做多",I4/E4-1,1-I4/E4)-2*參數!$B$7 | N4: 0.031733401 | O4: 0.026396856 | P4: 0.030923037 | Q4: 1601.156 | R4: 2853090.7 | S4: 0.0025395989 | T4: 0.05 | U4: 1.1283006 | V4: 0.72727273 | W4: 0.10420645 | X4: 0.079109234 | Y4: 0.00146326 | Z4: 0.01045731 | AA4: 0.03 | AB4: 0.05 | AC4: =(AB4+2*參數!$B$7)/(AA4+AB4)
A5: 4 | B5: SKR_USDT_PERP | C5: 做多 | D5: 46266.25 | E5: 0.028369 | F5: 0.02922007 | G5: 0.02695055 | H5: 46266.292 | I5: 0.02922007 | J5: 止盈 | K5: =(H5-D5)*24 | L5: =IF(C5="做多",I5/E5-1,1-I5/E5)-2*參數!$B$7 | N5: 0.040453312 | O5: 0.097786744 | P5: 0.035117518 | Q5: 9164683 | R5: 8694027.9 | S5: 0.03 | T5: 0 | U5: 0.45094238 | V5: 0.55498362 | W5: 0.84713131 | X5: 0.24365438 | Y5: 0.0011999807 | Z5: 0.007557331 | AA5: 0.03 | AB5: 0.05 | AC5: =(AB5+2*參數!$B$7)/(AA5+AB5)
A6: 5 | B6: PUMP_USDT_PERP | C6: 做多 | D6: 46266.375 | E6: 0.004605 | F6: 0.00474315 | G6: 0.00437475 | H6: 46266.75 | I6: 0.00437475 | J6: 止損 | K6: =(H6-D6)*24 | L6: =IF(C6="做多",I6/E6-1,1-I6/E6)-2*參數!$B$7 | N6: 0.034831461 | O6: 0.02096548 | P6: 0.053655188 | Q6: 1426177257 | R6: 14089273 | S6: 0.007383279 | T6: 0.05 | U6: 1.9170565 | V6: 0.6437247 | W6: -0.01163502 | X6: 0.026298195 | Y6: 0.00086951429 | Z6: 0.001681065 | AA6: 0.03 | AB6: 0.05 | AC6: =(AB6+2*參數!$B$7)/(AA6+AB6)
A7: 6 | B7: ARB_USDT_PERP | C7: 做多 | D7: 46266.75 | E7: 0.1099 | F7: 0.113197 | G7: 0.104405 | H7: 46266.792 | I7: 0.113197 | J7: 止盈 | K7: =(H7-D7)*24 | L7: =IF(C7="做多",I7/E7-1,1-I7/E7)-2*參數!$B$7 | N7: 0.029026217 | O7: 0.033632461 | P7: 0.05227882 | Q7: 2948217.4 | R7: 1581318.7 | S7: 0.03 | T7: 0 | U7: 4.1841235 | V7: 0.85714286 | W7: 0.20810386 | X7: 0.27052023 | Y7: 0.00032498353 | Z7: -0.0093626988 | AA7: 0.03 | AB7: 0.05 | AC7: =(AB7+2*參數!$B$7)/(AA7+AB7)
A8: 7 | B8: USELESS_USDT_PERP | C8: 做多 | D8: 46266.75 | E8: 0.09113 | F8: 0.0938639 | G8: 0.0865735 | H8: 46266.792 | I8: 0.0938639 | J8: 止盈 | K8: =(H8-D8)*24 | L8: =IF(C8="做多",I8/E8-1,1-I8/E8)-2*參數!$B$7 | N8: 0.031349027 | O8: 0.041740657 | P8: 0.016939696 | Q8: 4835282 | R8: 3907392.9 | S8: 0.03 | T8: 0 | U8: 0.835276 | V8: 0.69976359 | W8: 0.32083375 | X8: 0.31652702 | Y8: 0.00032498353 | Z8: -0.0093626988 | AA8: 0.03 | AB8: 0.05 | AC8: =(AB8+2*參數!$B$7)/(AA8+AB8)
A9: 8 | B9: HEMI_USDT_PERP | C9: 做多 | D9: 46266.833 | E9: 0.0161 | F9: 0.016583 | G9: 0.015295 | H9: 46267 | I9: 0.016583 | J9: 止盈 | K9: =(H9-D9)*24 | L9: =IF(C9="做多",I9/E9-1,1-I9/E9)-2*參數!$B$7 | N9: 0.04005168 | O9: 0.053090481 | P9: 0.031852849 | Q9: 21786432 | R9: 2485334.3 | S9: 0.03 | T9: 0.032298137 | U9: 0.4854555 | V9: 0.59375 | W9: 0.23064223 | X9: 0.079812207 | Y9: 0.00087577576 | Z9: -0.0064017947 | AA9: 0.03 | AB9: 0.05 | AC9: =(AB9+2*參數!$B$7)/(AA9+AB9)
A10: 9 | B10: PUMP_USDT_PERP | C10: 做多 | D10: 46266.917 | E10: 0.004467 | F10: 0.00460101 | G10: 0.00424365 | H10: 46267.125 | I10: 0.00424365 | J10: 止損 | K10: =(H10-D10)*24 | L10: =IF(C10="做多",I10/E10-1,1-I10/E10)-2*參數!$B$7 | N10: 0.021495541 | O10: 0.020167129 | P10: 0.0016481114 | Q10: 275449570 | R10: 7439037.9 | S10: 0.0085068278 | T10: 0.05 | U10: 1.6434696 | V10: 0.8590604 | W10: -0.033451618 | X10: 0.048591549 | Y10: 0.00099921756 | Z10: -0.0056930735 | AA10: 0.03 | AB10: 0.05 | AC10: =(AB10+2*參數!$B$7)/(AA10+AB10)
A11: 10 | B11: HEMI_USDT_PERP | C11: 做空 | D11: 46267.083 | E11: 0.01546 | F11: 0.0149962 | G11: 0.016233 | H11: 46267.167 | I11: 0.0149962 | J11: 止盈 | K11: =(H11-D11)*24 | L11: =IF(C11="做多",I11/E11-1,1-I11/E11)-2*參數!$B$7 | N11: -0.046267736 | O11: 0.052110955 | P11: -0.0081159978 | Q11: -8331572 | R11: 1791699.9 | S11: 0.03 | T11: 0.022639069 | U11: 1.1712797 | V11: 0.98717949 | W11: -0.15883367 | X11: 0 | Y11: 0.0041207126 | Z11: 0.012855785 | AA11: 0.03 | AB11: 0.05 | AC11: =(AB11+2*參數!$B$7)/(AA11+AB11)
A12: 11 | B12: PUMP_USDT_PERP | C12: 做空 | D12: 46267.417 | E12: 0.004146 | F12: 0.00402162 | G12: 0.0043533 | H12: 46268.292 | I12: 0.00402162 | J12: 止盈 | K12: =(H12-D12)*24 | L12: =IF(C12="做多",I12/E12-1,1-I12/E12)-2*參數!$B$7 | N12: -0.042494226 | O12: 0.021872146 | P12: -0.053013864 | Q12: -426829056 | R12: 6398366.6 | S12: 0.03 | T12: 0.048962856 | U12: 11.390173 | V12: 0.98029557 | W12: 0.094619472 | X12: 0.085978836 | Y12: 0.0025460129 | Z12: 0.0090311359 | AA12: 0.03 | AB12: 0.05 | AC12: =(AB12+2*參數!$B$7)/(AA12+AB12)
A13: 12 | B13: 牛来_USDT_PERP | C13: 做空 | D13: 46267.417 | E13: 0.08327 | F13: 0.0807719 | G13: 0.0874335 | H13: 46267.458 | I13: 0.0807719 | J13: 止盈 | K13: =(H13-D13)*24 | L13: =IF(C13="做多",I13/E13-1,1-I13/E13)-2*參數!$B$7 | N13: -0.03387864 | O13: 0.077267799 | P13: -0.036617111 | Q13: -1142275 | R13: 1439472.3 | S13: 0.03 | T13: 0 | U13: 1.1270569 | V13: 0.85825893 | X13: 0.22997966 | Y13: 0.0025460129 | Z13: 0.0090311359 | AA13: 0.03 | AB13: 0.05 | AC13: =(AB13+2*參數!$B$7)/(AA13+AB13)
A14: 13 | B14: UNI_USDT_PERP | C14: 做多 | D14: 46267.458 | E14: 6.019 | F14: 6.19957 | G14: 5.71805 | H14: 46267.542 | I14: 6.19957 | J14: 止盈 | K14: =(H14-D14)*24 | L14: =IF(C14="做多",I14/E14-1,1-I14/E14)-2*參數!$B$7 | N14: 0.029592884 | O14: 0.021715373 | P14: 0.043905062 | Q14: 57862 | R14: 5340979.2 | S14: 0.03 | T14: 0.0093038711 | U14: 1.1662125 | V14: 0.912 | W14: 0.17884388 | X14: 0.15306513 | Y14: 0.0041164933 | Z14: -0.0040505433 | AA14: 0.03 | AB14: 0.05 | AC14: =(AB14+2*參數!$B$7)/(AA14+AB14)
A15: 14 | B15: CRV_USDT_PERP | C15: 做多 | D15: 46267.5 | E15: 0.3838 | F15: 0.395314 | G15: 0.36461 | H15: 46267.792 | I15: 0.36461 | J15: 止損 | K15: =(H15-D15)*24 | L15: =IF(C15="做多",I15/E15-1,1-I15/E15)-2*參數!$B$7 | N15: 0.021831736 | O15: 0.02279439 | P15: 0.047975316 | Q15: 830427.7 | R15: 1422562.1 | S15: 0.0039082856 | T15: 0.05 | U15: 1.2602945 | V15: 0.47340426 | W15: 0.19243281 | X15: 0.072366583 | Y15: 0.0030323454 | Z15: -0.00034405185 | AA15: 0.03 | AB15: 0.05 | AC15: =(AB15+2*參數!$B$7)/(AA15+AB15)
A16: 15 | B16: SKR_USDT_PERP | C16: 做空 | D16: 46267.5 | E16: 0.022381 | F16: 0.02170957 | G16: 0.02350005 | H16: 46267.583 | I16: 0.02350005 | J16: 止損 | K16: =(H16-D16)*24 | L16: =IF(C16="做多",I16/E16-1,1-I16/E16)-2*參數!$B$7 | N16: -0.047981624 | O16: 0.092341133 | P16: -0.046590585 | Q16: -49097315 | R16: 3136147.3 | S16: 0.023368035 | T16: 0.05 | U16: 2.0643051 | V16: 0.91827503 | W16: -0.12104546 | X16: 0.23718473 | Y16: -0.0030323454 | Z16: 0.00034405185 | AA16: 0.03 | AB16: 0.05 | AC16: =(AB16+2*參數!$B$7)/(AA16+AB16)
A17: 16 | B17: 牛来_USDT_PERP | C17: 做多 | D17: 46267.542 | E17: 0.08776 | F17: 0.0903928 | G17: 0.083372 | H17: 46267.583 | I17: 0.0903928 | J17: 止盈 | K17: =(H17-D17)*24 | L17: =IF(C17="做多",I17/E17-1,1-I17/E17)-2*參數!$B$7 | N17: 0.037965701 | O17: 0.07196519 | P17: 0.031172524 | Q17: 683387 | R17: 1408907.4 | S17: 0.03 | T17: 0 | U17: 0.7479348 | V17: 0.71016484 | X17: -0.13434602 | Y17: -0.0001070494 | Z17: -0.00024218265 | AA17: 0.03 | AB17: 0.05 | AC17: =(AB17+2*參數!$B$7)/(AA17+AB17)
A18: 17 | B18: PONS_USDT_PERP | C18: 做多 | D18: 46267.583 | E18: 0.4351 | F18: 0.448153 | G18: 0.413345 | H18: 46267.667 | I18: 0.413345 | J18: 止損 | K18: =(H18-D18)*24 | L18: =IF(C18="做多",I18/E18-1,1-I18/E18)-2*參數!$B$7 | N18: 0.02184124 | O18: 0.053547315 | P18: 0.028325633 | Q18: 816855 | R18: 1808502.9 | S18: 0 | T18: 0.05 | U18: 1.0906979 | V18: 0.6125 | Y18: 0.0011931481 | Z18: 0.0011165077 | AA18: 0.03 | AB18: 0.05 | AC18: =(AB18+2*參數!$B$7)/(AA18+AB18)
A19: 18 | B19: HEMI_USDT_PERP | C19: 做空 | D19: 46267.625 | E19: 0.01439 | F19: 0.0139583 | G19: 0.0151095 | H19: 46267.667 | I19: 0.0151095 | J19: 止損 | K19: =(H19-D19)*24 | L19: =IF(C19="做多",I19/E19-1,1-I19/E19)-2*參數!$B$7 | N19: -0.038744155 | O19: 0.12207165 | P19: -0.059876523 | Q19: -1169435 | R19: 1908493.6 | S19: 0 | T19: 0.05 | U19: 1.1861288 | V19: 0.75 | W19: -0.046956623 | X19: 0.068608414 | Y19: 0.00052049447 | Z19: -0.00086000208 | AA19: 0.03 | AB19: 0.05 | AC19: =(AB19+2*參數!$B$7)/(AA19+AB19)
A20: 19 | B20: SKR_USDT_PERP | C20: 做空 | D20: 46267.625 | E20: 0.02203 | F20: 0.0213691 | G20: 0.0231315 | H20: 46267.667 | I20: 0.0213691 | J20: 止盈 | K20: =(H20-D20)*24 | L20: =IF(C20="做多",I20/E20-1,1-I20/E20)-2*參數!$B$7 | N20: -0.060233768 | O20: 0.092695408 | P20: -0.040329677 | Q20: -15164838 | R20: 3097417.3 | S20: 0.03 | T20: 0 | U20: 1.2097253 | V20: 0.78487395 | W20: -0.081721799 | X20: 0.22644756 | Y20: 0.00052049447 | Z20: -0.00086000208 | AA20: 0.03 | AB20: 0.05 | AC20: =(AB20+2*參數!$B$7)/(AA20+AB20)
A21: 20 | B21: USELESS_USDT_PERP | C21: 做空 | D21: 46267.75 | E21: 0.10669 | F21: 0.1034893 | G21: 0.1120245 | H21: 46267.792 | I21: 0.1034893 | J21: 止盈 | K21: =(H21-D21)*24 | L21: =IF(C21="做多",I21/E21-1,1-I21/E21)-2*參數!$B$7 | N21: -0.048175573 | O21: 0.052449911 | P21: -0.03261929 | Q21: -5434054 | R21: 7681110.4 | S21: 0.03 | T21: 0 | U21: 0.96701401 | V21: 0.92624113 | W21: -0.32903816 | X21: -0.17074509 | Y21: 0.0013395019 | Z21: 0.008286054 | AA21: 0.03 | AB21: 0.05 | AC21: =(AB21+2*參數!$B$7)/(AA21+AB21)
A22: 21 | B22: UAI_USDT_PERP | C22: 做空 | D22: 46267.792 | E22: 0.5241 | F22: 0.508377 | G22: 0.550305 | H22: 46267.875 | I22: 0.550305 | J22: 止損 | K22: =(H22-D22)*24 | L22: =IF(C22="做多",I22/E22-1,1-I22/E22)-2*參數!$B$7 | N22: -0.04378763 | O22: 0.058423082 | P22: -0.021297654 | Q22: -795267 | R22: 4210824.8 | S22: 0.029765312 | T22: 0.05 | U22: 2.6197575 | V22: 0.80979827 | W22: -0.33525261 | X22: -0.23871425 | Y22: 0.0010102103 | Z22: 0.0083281764 | AA22: 0.03 | AB22: 0.05 | AC22: =(AB22+2*參數!$B$7)/(AA22+AB22)
A23: 22 | B23: ACE_USDT_PERP | C23: 做空 | D23: 46267.833 | E23: 0.19257 | F23: 0.1867929 | G23: 0.2021985 | H23: 46267.875 | I23: 0.1867929 | J23: 止盈 | K23: =(H23-D23)*24 | L23: =IF(C23="做多",I23/E23-1,1-I23/E23)-2*參數!$B$7 | N23: -0.050256461 | O23: 0.049316066 | P23: -0.051907067 | Q23: -1654553.7 | R23: 2513068 | S23: 0.03 | T23: 0 | U23: 1.5816156 | V23: 0.6308204 | W23: -0.04647144 | X23: -0.084412659 | Y23: -0.0019480892 | Z23: 0.0056958336 | AA23: 0.03 | AB23: 0.05 | AC23: =(AB23+2*參數!$B$7)/(AA23+AB23)
A24: 23 | B24: ARB_USDT_PERP | C24: 做空 | D24: 46267.833 | E24: 0.1076 | F24: 0.104372 | G24: 0.11298 | H24: 46267.958 | I24: 0.11298 | J24: 止損 | K24: =(H24-D24)*24 | L24: =IF(C24="做多",I24/E24-1,1-I24/E24)-2*參數!$B$7 | N24: -0.028880866 | O24: 0.031700992 | P24: -0.026904816 | Q24: -782584.1 | R24: 1241321.9 | S24: 0.0037174721 | T24: 0.05 | U24: 2.3873938 | V24: 0.67307692 | W24: -0.11265071 | X24: 0.050308914 | Y24: -0.0019480892 | Z24: 0.0056958336 | AA24: 0.03 | AB24: 0.05 | AC24: =(AB24+2*參數!$B$7)/(AA24+AB24)
A25: 24 | B25: UNI_USDT_PERP | C25: 做空 | D25: 46267.833 | E25: 5.744 | F25: 5.57168 | G25: 6.0312 | H25: 46268.75 | I25: 6.0312 | J25: 止損 | K25: =(H25-D25)*24 | L25: =IF(C25="做多",I25/E25-1,1-I25/E25)-2*參數!$B$7 | N25: -0.049478736 | O25: 0.028802558 | P25: -0.033086162 | Q25: -61964 | R25: 5926643.3 | S25: 0.018802228 | T25: 0.05 | U25: 1.3004845 | V25: 0.87749288 | W25: -0.091888583 | X25: 0.02578019 | Y25: -0.0019480892 | Z25: 0.0056958336 | AA25: 0.03 | AB25: 0.05 | AC25: =(AB25+2*參數!$B$7)/(AA25+AB25)
A26: 25 | B26: PONS_USDT_PERP | C26: 做多 | D26: 46267.917 | E26: 0.415 | F26: 0.42745 | G26: 0.39425 | H26: 46267.958 | I26: 0.39425 | J26: 止損 | K26: =(H26-D26)*24 | L26: =IF(C26="做多",I26/E26-1,1-I26/E26)-2*參數!$B$7 | N26: 0.072351421 | O26: 0.066860678 | P26: 0.0083094417 | Q26: 701572 | R26: 3206596.5 | S26: 0 | T26: 0.05 | U26: 2.4253182 | V26: 0.59577922 | X26: -0.038684271 | Y26: 0.0070416189 | Z26: -0.00078019808 | AA26: 0.03 | AB26: 0.05 | AC26: =(AB26+2*參數!$B$7)/(AA26+AB26)
A27: 26 | B27: LIT_USDT_PERP | C27: 做多 | D27: 46268 | E27: 3.672 | F27: 3.78216 | G27: 3.4884 | H27: 46268.083 | I27: 3.78216 | J27: 止盈 | K27: =(H27-D27)*24 | L27: =IF(C27="做多",I27/E27-1,1-I27/E27)-2*參數!$B$7 | N27: 0.025698324 | O27: 0.025186258 | P27: 0.034074908 | Q27: 134118.9 | R27: 2562400.1 | S27: 0.03 | T27: 0.0010893246 | U27: 1.2553863 | V27: 0.95 | W27: 0.021992886 | X27: -0.048704663 | Y27: 0.0029341504 | Z27: 0.0010861623 | AA27: 0.03 | AB27: 0.05 | AC27: =(AB27+2*參數!$B$7)/(AA27+AB27)
A28: 27 | B28: HEMI_USDT_PERP | C28: 做多 | D28: 46268.042 | E28: 0.01528 | F28: 0.0157384 | G28: 0.014516 | H28: 46268.083 | I28: 0.0157384 | J28: 止盈 | K28: =(H28-D28)*24 | L28: =IF(C28="做多",I28/E28-1,1-I28/E28)-2*參數!$B$7 | N28: 0.095340502 | O28: 0.079702011 | P28: 0.042398608 | Q28: 2348995 | R28: 1834088.2 | S28: 0.03 | T28: 0 | U28: 1.0328295 | V28: 0.95070423 | W28: 0.091140199 | X28: -0.057371993 | Y28: -0.0015326861 | Z28: -0.00026454269 | AA28: 0.03 | AB28: 0.05 | AC28: =(AB28+2*參數!$B$7)/(AA28+AB28)
A29: 28 | B29: HEMI_USDT_PERP | C29: 做空 | D29: 46268.125 | E29: 0.01431 | F29: 0.0138807 | G29: 0.0150255 | H29: 46268.167 | I29: 0.0138807 | J29: 止盈 | K29: =(H29-D29)*24 | L29: =IF(C29="做多",I29/E29-1,1-I29/E29)-2*參數!$B$7 | N29: -0.051061008 | O29: 0.082772179 | P29: -0.024373615 | Q29: -2655675 | R29: 1858306.5 | S29: 0.03 | T29: 0 | U29: 0.4579469 | V29: 0.85714286 | W29: -0.017202161 | X29: 0.070779221 | Y29: 0.00011764706 | Z29: -0.0022725819 | AA29: 0.03 | AB29: 0.05 | AC29: =(AB29+2*參數!$B$7)/(AA29+AB29)
A30: 29 | B30: MARSCOIN_USDT_PERP | C30: 做空 | D30: 46268.25 | E30: 0.06269 | F30: 0.0608093 | G30: 0.0658245 | H30: 46268.375 | I30: 0.0608093 | J30: 止盈 | K30: =(H30-D30)*24 | L30: =IF(C30="做多",I30/E30-1,1-I30/E30)-2*參數!$B$7 | N30: -0.051731962 | O30: 0.087712574 | P30: -0.03376207 | Q30: -3762358 | R30: 1201508.2 | S30: 0.03 | T30: 0.015951507 | U30: 2.0805189 | V30: 0.8902439 | X30: 0.083211465 | Y30: 0.001451572 | Z30: -0.00088918003 | AA30: 0.03 | AB30: 0.05 | AC30: =(AB30+2*參數!$B$7)/(AA30+AB30)
A31: 30 | B31: MAGMA_USDT_PERP | C31: 做空 | D31: 46268.292 | E31: 0.51536 | F31: 0.4998992 | G31: 0.541128 | H31: 46268.333 | I31: 0.4998992 | J31: 止盈 | K31: =(H31-D31)*24 | L31: =IF(C31="做多",I31/E31-1,1-I31/E31)-2*參數!$B$7 | N31: -0.057187809 | O31: 0.070373875 | P31: -0.024668122 | Q31: -428420 | R31: 3198859.6 | S31: 0.03 | T31: 0 | U31: 0.98500085 | V31: 0.70990056 | W31: -0.18520072 | X31: -0.11801458 | Y31: 0.0033099424 | Z31: 0.002227534 | AA31: 0.03 | AB31: 0.05 | AC31: =(AB31+2*參數!$B$7)/(AA31+AB31)
A32: 31 | B32: LIT_USDT_PERP | C32: 做多 | D32: 46268.333 | E32: 3.783 | F32: 3.89649 | G32: 3.59385 | H32: 46268.375 | I32: 3.89649 | J32: 止盈 | K32: =(H32-D32)*24 | L32: =IF(C32="做多",I32/E32-1,1-I32/E32)-2*參數!$B$7 | N32: 0.024925494 | O32: 0.023409322 | P32: 0.041876093 | Q32: 194510.6 | R32: 2112813.9 | S32: 0.03 | T32: 0 | U32: 0.95535242 | V32: 0.75396825 | W32: 0.047310298 | X32: 0.076244666 | Y32: 0.0039430415 | Z32: 0.0018588175 | AA32: 0.03 | AB32: 0.05 | AC32: =(AB32+2*參數!$B$7)/(AA32+AB32)
A33: 32 | B33: SKR_USDT_PERP | C33: 做空 | D33: 46268.417 | E33: 0.022336 | F33: 0.02166592 | G33: 0.0234528 | H33: 46268.458 | I33: 0.02166592 | J33: 止盈 | K33: =(H33-D33)*24 | L33: =IF(C33="做多",I33/E33-1,1-I33/E33)-2*參數!$B$7 | N33: -0.026711404 | O33: 0.067550648 | P33: -0.012260511 | Q33: -25430815 | R33: 1993873.9 | S33: 0.03 | T33: 0 | U33: 1.2506188 | V33: 0.7097325 | W33: 0.017713783 | X33: -0.078252474 | Y33: -0.0038429032 | Z33: -0.0026509834 | AA33: 0.03 | AB33: 0.05 | AC33: =(AB33+2*參數!$B$7)/(AA33+AB33)
A34: 33 | B34: HEMI_USDT_PERP | C34: 做多 | D34: 46268.75 | E34: 0.01608 | F34: 0.0165624 | G34: 0.015276 | H34: 46268.792 | I34: 0.0165624 | J34: 止盈 | K34: =(H34-D34)*24 | L34: =IF(C34="做多",I34/E34-1,1-I34/E34)-2*參數!$B$7 | N34: 0.020952381 | O34: 0.10585551 | P34: 0.0051256407 | Q34: 3899446 | R34: 1802330 | S34: 0.03 | T34: 0 | U34: 0.6606785 | V34: 0.71276596 | W34: 0.084793329 | X34: 0.10820124 | Y34: -0.0029482981 | Z34: 0.0020215265 | AA34: 0.03 | AB34: 0.05 | AC34: =(AB34+2*參數!$B$7)/(AA34+AB34)
A35: 34 | B35: LIT_USDT_PERP | C35: 做多 | D35: 46268.833 | E35: 3.935 | F35: 4.05305 | G35: 3.73825 | H35: 46269 | I35: 4.05305 | J35: 止盈 | K35: =(H35-D35)*24 | L35: =IF(C35="做多",I35/E35-1,1-I35/E35)-2*參數!$B$7 | N35: 0.026878914 | O35: 0.023062512 | P35: 0.029538735 | Q35: 72287.4 | R35: 2586180.6 | S35: 0.03 | T35: 0.0088945362 | U35: 1.0829726 | V35: 0.84251969 | W35: 0.075856789 | X35: 0.090329731 | Y35: 0.0026072297 | Z35: 0.0054302027 | AA35: 0.03 | AB35: 0.05 | AC35: =(AB35+2*參數!$B$7)/(AA35+AB35)
A36: 35 | B36: BTR_USDT_PERP | C36: 做多 | D36: 46268.917 | E36: 0.04945 | F36: 0.0509335 | G36: 0.0469775 | H36: 46269 | I36: 0.0469775 | J36: 止損 | K36: =(H36-D36)*24 | L36: =IF(C36="做多",I36/E36-1,1-I36/E36)-2*參數!$B$7 | N36: 0.033006058 | O36: 0.10322739 | P36: 0.049058605 | Q36: 1986953 | R36: 4007565.2 | S36: 0 | T36: 0.05 | U36: 0.52328497 | V36: 0.89956332 | W36: -0.50470803 | X36: -0.030202 | Y36: 0.0024321739 | Z36: 0.015050058 | AA36: 0.03 | AB36: 0.05 | AC36: =(AB36+2*參數!$B$7)/(AA36+AB36)
A37: 36 | B37: HEMI_USDT_PERP | C37: 做多 | D37: 46269 | E37: 0.01679 | F37: 0.0172937 | G37: 0.0159505 | H37: 46269.042 | I37: 0.0159505 | J37: 止損 | K37: =(H37-D37)*24 | L37: =IF(C37="做多",I37/E37-1,1-I37/E37)-2*參數!$B$7 | N37: 0.048064919 | O37: 0.081264273 | P37: 0.017760805 | Q37: 10234301 | R37: 1785837 | S37: 0 | T37: 0.05 | U37: 0.66813378 | V37: 0.74757282 | W37: 0.11152303 | X37: 0.20358423 | Y37: 0.010039946 | Z37: 0.04259471 | AA37: 0.03 | AB37: 0.05 | AC37: =(AB37+2*參數!$B$7)/(AA37+AB37)
A38: 37 | B38: UNI_USDT_PERP | C38: 做多 | D38: 46269.125 | E38: 6.266 | F38: 6.45398 | G38: 5.9527 | H38: 46269.25 | I38: 6.45398 | J38: 止盈 | K38: =(H38-D38)*24 | L38: =IF(C38="做多",I38/E38-1,1-I38/E38)-2*參數!$B$7 | N38: 0.022352749 | O38: 0.02290426 | P38: 0.051651072 | Q38: 131264 | R38: 4774840 | S38: 0.03 | T38: 0.012448133 | U38: 0.73569971 | V38: 0.86631016 | W38: 0.11328857 | X38: 0.081276963 | Y38: 0.0027133491 | Z38: 0.03378099 | AA38: 0.03 | AB38: 0.05 | AC38: =(AB38+2*參數!$B$7)/(AA38+AB38)
A39: 38 | B39: PUMP_USDT_PERP | C39: 做空 | D39: 46269.292 | E39: 0.004273 | F39: 0.00414481 | G39: 0.00448665 | H39: 46269.375 | I39: 0.00414481 | J39: 止盈 | K39: =(H39-D39)*24 | L39: =IF(C39="做多",I39/E39-1,1-I39/E39)-2*參數!$B$7 | N39: -0.025541619 | O39: 0.020282776 | P39: -0.023236145 | Q39: -20645662 | R39: 8456282.6 | S39: 0.03 | T39: 0.014041657 | U39: 0.57609076 | V39: 0.83687943 | W39: 0.015766622 | X39: -0.064259029 | Y39: 0.0053674634 | Z39: -0.021650359 | AA39: 0.03 | AB39: 0.05 | AC39: =(AB39+2*參數!$B$7)/(AA39+AB39)
A40: 39 | B40: TRUMP_USDT_PERP | C40: 做空 | D40: 46269.375 | E40: 2.334 | F40: 2.26398 | G40: 2.4507 | H40: 46269.875 | I40: 2.26398 | J40: 止盈 | K40: =(H40-D40)*24 | L40: =IF(C40="做多",I40/E40-1,1-I40/E40)-2*參數!$B$7 | N40: -0.021793797 | O40: 0.022900361 | P40: -0.0047757121 | Q40: -77474.4 | R40: 1531665.9 | S40: 0.03 | T40: 0.048414739 | U40: 1.1210298 | V40: 0.96363636 | W40: -0.0050164704 | X40: -0.06819222 | Y40: 0.0036168591 | Z40: -0.015161658 | AA40: 0.03 | AB40: 0.05 | AC40: =(AB40+2*參數!$B$7)/(AA40+AB40)
A41: 40 | B41: UAI_USDT_PERP | C41: 做多 | D41: 46269.583 | E41: 0.3675 | F41: 0.378525 | G41: 0.349125 | H41: 46269.625 | I41: 0.378525 | J41: 止盈 | K41: =(H41-D41)*24 | L41: =IF(C41="做多",I41/E41-1,1-I41/E41)-2*參數!$B$7 | N41: 0.036379019 | O41: 0.052084416 | P41: 0.020620704 | Q41: 4726 | R41: 1540599.2 | S41: 0.03 | T41: 0 | U41: 0.36546973 | V41: 0.75268817 | W41: -0.14606178 | X41: -0.020783373 | Y41: -0.0010821763 | Z41: 0.0053000332 | AA41: 0.03 | AB41: 0.05 | AC41: =(AB41+2*參數!$B$7)/(AA41+AB41)
A42: 41 | B42: CHIP_USDT_PERP | C42: 做空 | D42: 46269.625 | E42: 0.0548 | F42: 0.053156 | G42: 0.05754 | H42: 46269.75 | I42: 0.05754 | J42: 止損 | K42: =(H42-D42)*24 | L42: =IF(C42="做多",I42/E42-1,1-I42/E42)-2*參數!$B$7 | N42: -0.073385188 | O42: 0.054647015 | P42: -0.027963779 | Q42: -1211245 | R42: 1458633.8 | S42: 0.018065693 | T42: 0.05 | U42: 1.5565608 | V42: 0.94129555 | W42: -0.22088969 | X42: -0.15831748 | Y42: 0.0023334614 | Z42: -0.0010541809 | AA42: 0.03 | AB42: 0.05 | AC42: =(AB42+2*參數!$B$7)/(AA42+AB42)
A43: 42 | B43: PONS_USDT_PERP | C43: 做多 | D43: 46269.667 | E43: 0.6479 | F43: 0.667337 | G43: 0.615505 | H43: 46269.708 | I43: 0.667337 | J43: 止盈 | K43: =(H43-D43)*24 | L43: =IF(C43="做多",I43/E43-1,1-I43/E43)-2*參數!$B$7 | N43: 0.033003827 | O43: 0.062282103 | P43: 0.029393073 | Q43: 1552204 | R43: 8431855.7 | S43: 0.03 | T43: 0 | U43: 0.83395667 | V43: 0.73684211 | X43: 0.32197511 | Y43: -0.0016814464 | Z43: -0.0023098529 | AA43: 0.03 | AB43: 0.05 | AC43: =(AB43+2*參數!$B$7)/(AA43+AB43)
A44: 43 | B44: UAI_USDT_PERP | C44: 做空 | D44: 46269.667 | E44: 0.3446 | F44: 0.334262 | G44: 0.36183 | H44: 46269.708 | I44: 0.36183 | J44: 止損 | K44: =(H44-D44)*24 | L44: =IF(C44="做多",I44/E44-1,1-I44/E44)-2*參數!$B$7 | N44: -0.08691044 | O44: 0.06433121 | P44: -0.035841191 | Q44: -292527 | R44: 1296885.3 | S44: 0 | T44: 0.05 | U44: 3.4881797 | V44: 0.64685315 | W44: 0.19841078 | X44: 0.079839786 | Y44: 0.0016814464 | Z44: 0.0023098529 | AA44: 0.03 | AB44: 0.05 | AC44: =(AB44+2*參數!$B$7)/(AA44+AB44)
A45: 44 | B45: BULLA_USDT_PERP | C45: 做多 | D45: 46269.708 | E45: 0.03347 | F45: 0.0344741 | G45: 0.0317965 | H45: 46269.75 | I45: 0.0344741 | J45: 止盈 | K45: =(H45-D45)*24 | L45: =IF(C45="做多",I45/E45-1,1-I45/E45)-2*參數!$B$7 | N45: 0.0737889 | O45: 0.10425491 | P45: 0.018408641 | Q45: 13823348 | R45: 3040756.2 | S45: 0.03 | T45: 0 | U45: 1.2287179 | V45: 0.4494382 | W45: 0.51725326 | X45: 0.21180304 | Y45: 0.0060227216 | Z45: 0.0021483892 | AA45: 0.03 | AB45: 0.05 | AC45: =(AB45+2*參數!$B$7)/(AA45+AB45)
A46: 45 | B46: UNI_USDT_PERP | C46: 做多 | D46: 46269.708 | E46: 6.366 | F46: 6.55698 | G46: 6.0477 | H46: 46269.917 | I46: 6.0477 | J46: 止損 | K46: =(H46-D46)*24 | L46: =IF(C46="做多",I46/E46-1,1-I46/E46)-2*參數!$B$7 | N46: 0.0219939 | O46: 0.024813892 | P46: 0.013750766 | Q46: 107746 | R46: 5820666.5 | S46: 0.015865536 | T46: 0.05 | U46: 0.73915914 | V46: 0.8373494 | W46: 0.10071375 | X46: 0.09494324 | Y46: 0.0060227216 | Z46: 0.0021483892 | AA46: 0.03 | AB46: 0.05 | AC46: =(AB46+2*參數!$B$7)/(AA46+AB46)
A47: 46 | B47: XPL_USDT_PERP | C47: 做多 | D47: 46269.708 | E47: 0.096 | F47: 0.09888 | G47: 0.0912 | H47: 46269.833 | I47: 0.09888 | J47: 止盈 | K47: =(H47-D47)*24 | L47: =IF(C47="做多",I47/E47-1,1-I47/E47)-2*參數!$B$7 | N47: 0.030042918 | O47: 0.021900976 | P47: 0.012818484 | Q47: 2248906 | R47: 1369194.4 | S47: 0.03 | T47: 0.0072916667 | U47: 1.1725741 | V47: 1 | W47: 0.10923671 | X47: 0.087202718 | Y47: 0.0060227216 | Z47: 0.0021483892 | AA47: 0.03 | AB47: 0.05 | AC47: =(AB47+2*參數!$B$7)/(AA47+AB47)
A48: 47 | B48: ARB_USDT_PERP | C48: 做多 | D48: 46269.75 | E48: 0.1404 | F48: 0.144612 | G48: 0.13338 | H48: 46269.875 | I48: 0.13338 | J48: 止損 | K48: =(H48-D48)*24 | L48: =IF(C48="做多",I48/E48-1,1-I48/E48)-2*參數!$B$7 | N48: 0.025566107 | O48: 0.029201046 | P48: 0.02090529 | Q48: 1976499.5 | R48: 2424307.2 | S48: 0.0021367521 | T48: 0.05 | U48: 1.3617328 | V48: 0.7 | W48: 0.20074919 | X48: 0.016654598 | Y48: -0.0011798268 | Z48: -0.00040104673 | AA48: 0.03 | AB48: 0.05 | AC48: =(AB48+2*參數!$B$7)/(AA48+AB48)
A49: 48 | B49: BTR_USDT_PERP | C49: 做多 | D49: 46269.75 | E49: 0.05138 | F49: 0.0529214 | G49: 0.048811 | H49: 46269.875 | I49: 0.048811 | J49: 止損 | K49: =(H49-D49)*24 | L49: =IF(C49="做多",I49/E49-1,1-I49/E49)-2*參數!$B$7 | N49: 0.035260931 | O49: 0.068662461 | P49: 0.024179241 | Q49: 11673981 | R49: 2670920.2 | S49: 0.00019462826 | T49: 0.05 | U49: 0.61564116 | V49: 0.92916667 | W49: -0.335206 | X49: -0.0071497585 | Y49: -0.0011798268 | Z49: -0.00040104673 | AA49: 0.03 | AB49: 0.05 | AC49: =(AB49+2*參數!$B$7)/(AA49+AB49)
A50: 49 | B50: EDGE_USDT_PERP | C50: 做空 | D50: 46269.75 | E50: 0.6109 | F50: 0.592573 | G50: 0.641445 | H50: 46269.875 | I50: 0.641445 | J50: 止損 | K50: =(H50-D50)*24 | L50: =IF(C50="做多",I50/E50-1,1-I50/E50)-2*參數!$B$7 | N50: -0.081491505 | O50: 0.066977764 | P50: -0.020129922 | Q50: -174673 | R50: 1770534.6 | S50: 0.01571452 | T50: 0.05 | U50: 1.7578699 | V50: 0.95184426 | W50: -0.37054528 | X50: -0.19996071 | Y50: 0.0011798268 | Z50: 0.00040104673 | AA50: 0.03 | AB50: 0.05 | AC50: =(AB50+2*參數!$B$7)/(AA50+AB50)
A51: 50 | B51: BULLA_USDT_PERP | C51: 做多 | D51: 46269.792 | E51: 0.03417 | F51: 0.0351951 | G51: 0.0324615 | H51: 46269.833 | I51: 0.0351951 | J51: 止盈 | K51: =(H51-D51)*24 | L51: =IF(C51="做多",I51/E51-1,1-I51/E51)-2*參數!$B$7 | N51: 0.035454545 | O51: 0.099206937 | P51: 0.033450278 | Q51: 5386058 | R51: 2917025.4 | S51: 0.03 | T51: 0 | U51: 0.53751267 | V51: 0.72386059 | W51: 0.52479295 | X51: 0.15400203 | Y51: 0.0016292696 | Z51: 0.00083149899 | AA51: 0.03 | AB51: 0.05 | AC51: =(AB51+2*參數!$B$7)/(AA51+AB51)
A52: 51 | B52: ENA_USDT_PERP | C52: 做空 | D52: 46269.875 | E52: 0.1636 | F52: 0.158692 | G52: 0.17178 | H52: 46271.25 | I52: 0.17178 | J52: 止損 | K52: =(H52-D52)*24 | L52: =IF(C52="做多",I52/E52-1,1-I52/E52)-2*參數!$B$7 | N52: -0.035377358 | O52: 0.027430572 | P52: -0.028849579 | Q52: -20487327 | R52: 9707039.2 | S52: 0.017114914 | T52: 0.05 | U52: 3.1837871 | V52: 0.50714286 | W52: -0.044459767 | X52: -0.046705054 | Y52: 0.021731017 | Z52: 0.019463799 | AA52: 0.03 | AB52: 0.05 | AC52: =(AB52+2*參數!$B$7)/(AA52+AB52)
A53: 52 | B53: PENGU_USDT_PERP | C53: 做空 | D53: 46269.875 | E53: 0.008347 | F53: 0.00809659 | G53: 0.00876435 | H53: 46271.375 | I53: 0.00876435 | J53: 止損 | K53: =(H53-D53)*24 | L53: =IF(C53="做多",I53/E53-1,1-I53/E53)-2*參數!$B$7 | N53: -0.058856692 | O53: 0.021089247 | P53: -0.040436844 | Q53: -96582575 | R53: 2366655.1 | S53: 0.02551815 | T53: 0.05 | U53: 3.2710597 | V53: 0.8729927 | W53: 0.024068001 | X53: 0.01312367 | Y53: 0.021731017 | Z53: 0.019463799 | AA53: 0.03 | AB53: 0.05 | AC53: =(AB53+2*參數!$B$7)/(AA53+AB53)
A54: 53 | B54: PUMP_USDT_PERP | C54: 做空 | D54: 46269.875 | E54: 0.004101 | F54: 0.00397797 | G54: 0.00430605 | H54: 46269.917 | I54: 0.00430605 | J54: 止損 | K54: =(H54-D54)*24 | L54: =IF(C54="做多",I54/E54-1,1-I54/E54)-2*參數!$B$7 | N54: -0.029119318 | O54: 0.022136794 | P54: -0.047276106 | Q54: -645002882 | R54: 9570907.2 | S54: 0 | T54: 0.05 | U54: 2.0457958 | V54: 0.91304348 | W54: 0.050043548 | X54: 0.072171946 | Y54: 0.021731017 | Z54: 0.019463799 | AA54: 0.03 | AB54: 0.05 | AC54: =(AB54+2*參數!$B$7)/(AA54+AB54)
A55: 54 | B55: XPL_USDT_PERP | C55: 做空 | D55: 46269.875 | E55: 0.092 | F55: 0.08924 | G55: 0.0966 | H55: 46272.25 | I55: 0.08924 | J55: 止盈 | K55: =(H55-D55)*24 | L55: =IF(C55="做多",I55/E55-1,1-I55/E55)-2*參數!$B$7 | N55: -0.09270217 | O55: 0.030574987 | P55: -0.034627492 | Q55: -6880508 | R55: 1918239.2 | S55: 0.03 | T55: 0.04673913 | U55: 16.259409 | V55: 0.95918367 | W55: -0.058968427 | X55: -0.018826135 | Y55: 0.021731017 | Z55: 0.019463799 | AA55: 0.03 | AB55: 0.05 | AC55: =(AB55+2*參數!$B$7)/(AA55+AB55)
... A62: 61 | B62: TRIA_USDT_PERP | C62: 做多 | D62: 46270.125 | E62: 0.0049 | F62: 0.005047 | G62: 0.004655 | H62: 46270.333 | I62: 0.005047 | J62: 止盈 | K62: =(H62-D62)*24 | L62: =IF(C62="做多",I62/E62-1,1-I62/E62)-2*參數!$B$7 | N62: 0.022964509 | O62: 0.069113428 | P62: 0.027576806 | Q62: 84680385 | R62: 1402062.7 | S62: 0.03 | T62: 0.028571429 | U62: 0.53731831 | V62: 0.45833333 | W62: 0.173962 | X62: 0.27604167 | Y62: 0.0018406121 | Z62: -0.010429831 | AA62: 0.03 | AB62: 0.05 | AC62: =(AB62+2*參數!$B$7)/(AA62+AB62)
A63: 62 | B63: PONS_USDT_PERP | C63: 做空 | D63: 46270.208 | E63: 0.6736 | F63: 0.653392 | G63: 0.70728 | H63: 46270.333 | I63: 0.70728 | J63: 止損 | K63: =(H63-D63)*24 | L63: =IF(C63="做多",I63/E63-1,1-I63/E63)-2*參數!$B$7 | N63: -0.030372823 | O63: 0.068521966 | P63: -0.027334556 | Q63: -2414881 | R63: 14023919 | S63: 0.019447743 | T63: 0.05 | U63: 0.39733117 | V63: 0.58423913 | X63: -0.11412504 | Y63: 0.0012362892 | Z63: 0.0077355104 | AA63: 0.03 | AB63: 0.05 | AC63: =(AB63+2*參數!$B$7)/(AA63+AB63)
A64: 63 | B64: LIT_USDT_PERP | C64: 做多 | D64: 46270.333 | E64: 4.817 | F64: 4.96151 | G64: 4.57615 | H64: 46271.75 | I64: 4.57615 | J64: 止損 | K64: =(H64-D64)*24 | L64: =IF(C64="做多",I64/E64-1,1-I64/E64)-2*參數!$B$7 | N64: 0.026422331 | O64: 0.030724264 | P64: 0.044403972 | Q64: 325116 | R64: 6427242.6 | S64: 0.011002699 | T64: 0.05 | U64: 0.57558239 | V64: 0.9352518 | W64: 0.21725946 | X64: 0.08490991 | Y64: 0.00019723519 | Z64: -0.0059179621 | AA64: 0.03 | AB64: 0.05 | AC64: =(AB64+2*參數!$B$7)/(AA64+AB64)
A65: 64 | B65: UAI_USDT_PERP | C65: 做空 | D65: 46270.542 | E65: 0.443 | F65: 0.42971 | G65: 0.46515 | H65: 46270.708 | I65: 0.46515 | J65: 止損 | K65: =(H65-D65)*24 | L65: =IF(C65="做多",I65/E65-1,1-I65/E65)-2*參數!$B$7 | N65: -0.031270501 | O65: 0.066605345 | P65: -0.0091148018 | Q65: -1349009 | R65: 3437781 | S65: 0.016930023 | T65: 0.05 | U65: 1.0985876 | V65: 0.53576642 | W65: -0.0054767844 | X65: -0.24929498 | Y65: 0.0010522505 | Z65: 0.0035548943 | AA65: 0.03 | AB65: 0.05 | AC65: =(AB65+2*參數!$B$7)/(AA65+AB65)
A66: 65 | B66: MARSCOIN_USDT_PERP | C66: 做多 | D66: 46270.708 | E66: 0.19456 | F66: 0.2003968 | G66: 0.184832 | H66: 46270.75 | I66: 0.2003968 | J66: 止盈 | K66: =(H66-D66)*24 | L66: =IF(C66="做多",I66/E66-1,1-I66/E66)-2*參數!$B$7 | N66: 0.069657485 | O66: 0.080297451 | P66: 0.051019499 | Q66: 3426518 | R66: 11313272 | S66: 0.03 | T66: 0 | U66: 0.60961695 | V66: 0.54926867 | X66: 0.70891524 | Y66: -0.0006978516 | Z66: 0.0011470422 | AA66: 0.03 | AB66: 0.05 | AC66: =(AB66+2*參數!$B$7)/(AA66+AB66)
A67: 66 | B67: USELESS_USDT_PERP | C67: 做空 | D67: 46270.792 | E67: 0.23397 | F67: 0.2269509 | G67: 0.2456685 | H67: 46270.917 | I67: 0.2456685 | J67: 止損 | K67: =(H67-D67)*24 | L67: =IF(C67="做多",I67/E67-1,1-I67/E67)-2*參數!$B$7 | N67: -0.043771457 | O67: 0.071353885 | P67: -0.032350119 | Q67: -824851 | R67: 11148789 | S67: 0.02295166 | T67: 0.05 | U67: 0.87403563 | V67: 0.85032895 | W67: -0.39235535 | X67: 0.014199039 | Y67: 0.00016835313 | Z67: -8.7716851e-05 | AA67: 0.03 | AB67: 0.05 | AC67: =(AB67+2*參數!$B$7)/(AA67+AB67)
A68: 67 | B68: 4_USDT_PERP | C68: 做多 | D68: 46270.875 | E68: 0.02597 | F68: 0.0267491 | G68: 0.0246715 | H68: 46270.917 | I68: 0.0267491 | J68: 止盈 | K68: =(H68-D68)*24 | L68: =IF(C68="做多",I68/E68-1,1-I68/E68)-2*參數!$B$7 | N68: 0.047177419 | O68: 0.070805178 | P68: 0.034352285 | Q68: 24650626 | R68: 2314478.4 | S68: 0.03 | T68: 0 | U68: 0.78290401 | V68: 0.85221675 | W68: 0.51151827 | X68: 0.67117117 | Y68: 0.0011146381 | Z68: 0.0010565829 | AA68: 0.03 | AB68: 0.05 | AC68: =(AB68+2*參數!$B$7)/(AA68+AB68)
A69: 68 | B69: 4_USDT_PERP | C69: 做多 | D69: 46271 | E69: 0.02716 | F69: 0.0279748 | G69: 0.025802 | H69: 46271.042 | I69: 0.0279748 | J69: 止盈 | K69: =(H69-D69)*24 | L69: =IF(C69="做多",I69/E69-1,1-I69/E69)-2*參數!$B$7 | N69: 0.02143663 | O69: 0.065416345 | P69: 0.051164951 | Q69: 15075684 | R69: 2492898.9 | S69: 0.03 | T69: 0 | U69: 0.54463609 | V69: 0.44623656 | W69: 0.54557043 | X69: 0.69432314 | Y69: 0.0011032707 | Z69: 0.0020835044 | AA69: 0.03 | AB69: 0.05 | AC69: =(AB69+2*參數!$B$7)/(AA69+AB69)
A70: 69 | B70: NEAR_USDT_PERP | C70: 做多 | D70: 46271.083 | E70: 2.251 | F70: 2.31853 | G70: 2.13845 | H70: 46271.708 | I70: 2.31853 | J70: 止盈 | K70: =(H70-D70)*24 | L70: =IF(C70="做多",I70/E70-1,1-I70/E70)-2*參數!$B$7 | N70: 0.020398912 | O70: 0.02068099 | P70: 0.014535211 | Q70: 120209 | R70: 3776189.8 | S70: 0.03 | T70: 0.03998223 | U70: 0.79758128 | V70: 0.90740741 | W70: 0.13534343 | X70: 0.13917004 | Y70: 0.00035749374 | Z70: 0.0049754005 | AA70: 0.03 | AB70: 0.05 | AC70: =(AB70+2*參數!$B$7)/(AA70+AB70)
A71: 70 | B71: ZEN_USDT_PERP | C71: 做空 | D71: 46271.125 | E71: 6.91 | F71: 6.7027 | G71: 7.2555 | H71: 46271.542 | I71: 7.2555 | J71: 止損 | K71: =(H71-D71)*24 | L71: =IF(C71="做多",I71/E71-1,1-I71/E71)-2*參數!$B$7 | N71: -0.021662183 | O71: 0.033318972 | P71: -0.058769044 | Q71: -20744.2 | R71: 1722877.8 | S71: 0.0096960926 | T71: 0.05 | U71: 0.6143394 | V71: 0.94117647 | W71: -0.14039952 | X71: -0.043806647 | Y71: 0.00088591778 | Z71: -0.0038589874 | AA71: 0.03 | AB71: 0.05 | AC71: =(AB71+2*參數!$B$7)/(AA71+AB71)
A72: 71 | B72: AKE_USDT_PERP | C72: 做多 | D72: 46271.167 | E72: 0.019459 | F72: 0.02004277 | G72: 0.01848605 | H72: 46271.292 | I72: 0.01848605 | J72: 止損 | K72: =(H72-D72)*24 | L72: =IF(C72="做多",I72/E72-1,1-I72/E72)-2*參數!$B$7 | N72: 0.030776565 | O72: 0.092239328 | P72: 0.052960521 | Q72: 83082653 | R72: 7443359 | S72: 0.0069993319 | T72: 0.05 | U72: 0.42650145 | V72: 0.88261803 | W72: 0.40825031 | X72: 0.46710898 | Y72: -0.0029915294 | Z72: 0.00079070348 | AA72: 0.03 | AB72: 0.05 | AC72: =(AB72+2*參數!$B$7)/(AA72+AB72)
A73: 72 | B73: 牛来_USDT_PERP | C73: 做多 | D73: 46271.25 | E73: 0.11871 | F73: 0.1222713 | G73: 0.1127745 | H73: 46271.292 | I73: 0.1222713 | J73: 止盈 | K73: =(H73-D73)*24 | L73: =IF(C73="做多",I73/E73-1,1-I73/E73)-2*參數!$B$7 | N73: 0.023803364 | O73: 0.076556683 | P73: 0.057757422 | Q73: 2096077 | R73: 1853887.4 | S73: 0.03 | T73: 0 | U73: 0.47139619 | V73: 0.88273196 | W73: 0.33226193 | X73: 0.43612388 | Y73: 0.0021367066 | Z73: 0.0023655971 | AA73: 0.03 | AB73: 0.05 | AC73: =(AB73+2*參數!$B$7)/(AA73+AB73)
A74: 73 | B74: DASH_USDT_PERP | C74: 做多 | D74: 46271.458 | E74: 69.19 | F74: 71.2657 | G74: 65.7305 | H74: 46271.542 | I74: 71.2657 | J74: 止盈 | K74: =(H74-D74)*24 | L74: =IF(C74="做多",I74/E74-1,1-I74/E74)-2*參數!$B$7 | N74: 0.023217983 | O74: 0.031943863 | P74: 0.022446838 | Q74: 7844.673 | R74: 3182116.2 | S74: 0.03 | T74: 0.032808209 | U74: 0.49971385 | V74: 0.90909091 | W74: 0.32602 | X74: 0.018398587 | Y74: -0.00053682037 | Z74: 0.0014190262 | AA74: 0.03 | AB74: 0.05 | AC74: =(AB74+2*參數!$B$7)/(AA74+AB74)
A75: 74 | B75: HEMI_USDT_PERP | C75: 做空 | D75: 46271.5 | E75: 0.01166 | F75: 0.0113102 | G75: 0.012243 | H75: 46271.542 | I75: 0.0113102 | J75: 止盈 | K75: =(H75-D75)*24 | L75: =IF(C75="做多",I75/E75-1,1-I75/E75)-2*參數!$B$7 | N75: -0.025083612 | O75: 0.046749403 | P75: -0.041433739 | Q75: -60572711 | R75: 1222480.4 | S75: 0.03 | T75: 0 | U75: 0.72483675 | V75: 0.5125 | W75: 0.21186928 | X75: 0.16773733 | Y75: -0.0014886299 | Z75: -0.0027099405 | AA75: 0.03 | AB75: 0.05 | AC75: =(AB75+2*參數!$B$7)/(AA75+AB75)
A76: 75 | B76: HEMI_USDT_PERP | C76: 做空 | D76: 46271.583 | E76: 0.01128 | F76: 0.0109416 | G76: 0.011844 | H76: 46271.75 | I76: 0.011844 | J76: 止損 | K76: =(H76-D76)*24 | L76: =IF(C76="做多",I76/E76-1,1-I76/E76)-2*參數!$B$7 | N76: -0.023376623 | O76: 0.047113171 | P76: -0.051582797 | Q76: -65936388 | R76: 1231916.4 | S76: 0.0026595745 | T76: 0.05 | U76: 0.35021521 | V76: 0.91489362 | W76: 0.23384139 | X76: 0.19543509 | Y76: -0.0016273301 | Z76: -0.0018895881 | AA76: 0.03 | AB76: 0.05 | AC76: =(AB76+2*參數!$B$7)/(AA76+AB76)
A77: 76 | B77: PONS_USDT_PERP | C77: 做多 | D77: 46271.667 | E77: 0.9263 | F77: 0.954089 | G77: 0.879985 | H77: 46271.833 | I77: 0.954089 | J77: 止盈 | K77: =(H77-D77)*24 | L77: =IF(C77="做多",I77/E77-1,1-I77/E77)-2*參數!$B$7 | N77: 0.045013538 | O77: 0.058114179 | P77: 0.017397799 | Q77: 3591741 | R77: 10728375 | S77: 0.03 | T77: 0.03584152 | U77: 1.2067208 | V77: 0.85770751 | W77: 0.41849945 | X77: 0.21116632 | Y77: 0.00035616689 | Z77: -0.0006775838 | AA77: 0.03 | AB77: 0.05 | AC77: =(AB77+2*參數!$B$7)/(AA77+AB77)
A78: 77 | B78: UAI_USDT_PERP | C78: 做空 | D78: 46271.75 | E78: 0.5347 | F78: 0.518659 | G78: 0.561435 | H78: 46271.958 | I78: 0.561435 | J78: 止損 | K78: =(H78-D78)*24 | L78: =IF(C78="做多",I78/E78-1,1-I78/E78)-2*參數!$B$7 | N78: -0.089097104 | O78: 0.09131106 | P78: -0.025221727 | Q78: -1062918 | R78: 5160090.6 | S78: 0.023751636 | T78: 0.05 | U78: 0.93261385 | V78: 0.66875784 | W78: -0.17482401 | X78: -0.14130203 | Y78: -0.00052875778 | Z78: -0.0001306965 | AA78: 0.03 | AB78: 0.05 | AC78: =(AB78+2*參數!$B$7)/(AA78+AB78)
... A87: 86 | B87: DASH_USDT_PERP | C87: 做空 | D87: 46272.583 | E87: 67.29 | F87: 65.2713 | G87: 70.6545 | H87: 46273 | I87: 65.2713 | J87: 止盈 | K87: =(H87-D87)*24 | L87: =IF(C87="做多",I87/E87-1,1-I87/E87)-2*參數!$B$7 | N87: -0.038164666 | O87: 0.035773099 | P87: -0.02950848 | Q87: -5619.18 | R87: 2920882.1 | S87: 0.03 | T87: 0.026601278 | U87: 1.2779495 | V87: 0.95764706 | W87: -0.12809938 | X87: 0.13196594 | Y87: -0.00040785133 | Z87: 0.0014457532 | AA87: 0.03 | AB87: 0.05 | AC87: =(AB87+2*參數!$B$7)/(AA87+AB87)
A88: 87 | B88: UAI_USDT_PERP | C88: 做多 | D88: 46272.625 | E88: 0.6192 | F88: 0.637776 | G88: 0.58824 | H88: 46272.626 | I88: 0.637776 | J88: 止盈 | K88: =(H88-D88)*24 | L88: =IF(C88="做多",I88/E88-1,1-I88/E88)-2*參數!$B$7 | M88: 同1h觸發；1分K判定先止盈 | N88: 0.078369906 | O88: 0.07111582 | P88: 0.041381108 | Q88: 1377218 | R88: 3044404.6 | S88: 0.03 | T88: 0 | U88: 2.2807321 | V88: 0.99806389 | W88: 0.3060398 | X88: 0.11607787 | Y88: -0.0012694685 | Z88: -0.0024966025 | AA88: 0.03 | AB88: 0.05 | AC88: =(AB88+2*參數!$B$7)/(AA88+AB88)
A89: 88 | B89: UAI_USDT_PERP | C89: 做多 | D89: 46272.75 | E89: 0.6352 | F89: 0.654256 | G89: 0.60344 | H89: 46272.875 | I89: 0.654256 | J89: 止盈 | K89: =(H89-D89)*24 | L89: =IF(C89="做多",I89/E89-1,1-I89/E89)-2*參數!$B$7 | N89: 0.054098905 | O89: 0.072225542 | P89: 0.051838482 | Q89: 1167915 | R89: 2785005.1 | S89: 0.03 | T89: 0.011020151 | U89: 0.71912519 | V89: 0.85962373 | W89: 0.32115893 | X89: 0.18795586 | Y89: -0.0014673468 | Z89: -0.0057896168 | AA89: 0.03 | AB89: 0.05 | AC89: =(AB89+2*參數!$B$7)/(AA89+AB89)
A90: 89 | B90: USELESS_USDT_PERP | C90: 做多 | D90: 46272.75 | E90: 0.22899 | F90: 0.2358597 | G90: 0.2175405 | H90: 46272.792 | I90: 0.2358597 | J90: 止盈 | K90: =(H90-D90)*24 | L90: =IF(C90="做多",I90/E90-1,1-I90/E90)-2*參數!$B$7 | N90: 0.036341419 | O90: 0.064004359 | P90: 0.042505583 | Q90: 2526131 | R90: 4051103.4 | S90: 0.03 | T90: 0 | U90: 1.7809238 | V90: 0.50154959 | W90: 0.0075685342 | X90: 0.069447039 | Y90: -0.0014673468 | Z90: -0.0057896168 | AA90: 0.03 | AB90: 0.05 | AC90: =(AB90+2*參數!$B$7)/(AA90+AB90)
A91: 90 | B91: USELESS_USDT_PERP | C91: 做多 | D91: 46272.875 | E91: 0.2333 | F91: 0.240299 | G91: 0.221635 | H91: 46273 | I91: 0.221635 | J91: 止損 | K91: =(H91-D91)*24 | L91: =IF(C91="做多",I91/E91-1,1-I91/E91)-2*參數!$B$7 | N91: 0.02956752 | O91: 0.065606367 | P91: 0.054375114 | Q91: 1514607 | R91: 4220849.7 | S91: 0.0060437205 | T91: 0.05 | U91: 0.70864908 | V91: 0.84082397 | W91: 0.015245656 | X91: 0.040635176 | Y91: 0.0024012054 | Z91: -0.0018128409 | AA91: 0.03 | AB91: 0.05 | AC91: =(AB91+2*參數!$B$7)/(AA91+AB91)
A92: 91 | B92: RAY_USDT_PERP | C92: 做空 | D92: 46272.917 | E92: 1.177 | F92: 1.14169 | G92: 1.23585 | H92: 46273.5 | I92: 1.23585 | J92: 止損 | K92: =(H92-D92)*24 | L92: =IF(C92="做多",I92/E92-1,1-I92/E92)-2*參數!$B$7 | N92: -0.022425249 | O92: 0.042912919 | P92: -0.040671611 | Q92: -480078.1 | R92: 3560306.6 | S92: 0.026338148 | T92: 0.05 | U92: 0.45337706 | V92: 0.82051282 | W92: -0.20730331 | X92: 0.14087591 | Y92: 0.0031784374 | Z92: 0.0047397974 | AA92: 0.03 | AB92: 0.05 | AC92: =(AB92+2*參數!$B$7)/(AA92+AB92)
A93: 92 | B93: BULLA_USDT_PERP | C93: 做多 | D93: 46272.958 | E93: 0.08132 | F93: 0.0837596 | G93: 0.077254 | H93: 46273.083 | I93: 0.077254 | J93: 止損 | K93: =(H93-D93)*24 | L93: =IF(C93="做多",I93/E93-1,1-I93/E93)-2*參數!$B$7 | N93: 0.023279225 | O93: 0.066634937 | P93: 0.055809092 | Q93: 10386393 | R93: 5000476.8 | S93: 0.0088539105 | T93: 0.05 | U93: 1.2766917 | V93: 0.86799502 | W93: 0.38787436 | X93: -0.0092592593 | Y93: -0.0020387193 | Z93: -0.0062955198 | AA93: 0.03 | AB93: 0.05 | AC93: =(AB93+2*參數!$B$7)/(AA93+AB93)
A94: 93 | B94: MARSCOIN_USDT_PERP | C94: 做空 | D94: 46272.958 | E94: 0.16448 | F94: 0.1595456 | G94: 0.172704 | H94: 46273 | I94: 0.1595456 | J94: 止盈 | K94: =(H94-D94)*24 | L94: =IF(C94="做多",I94/E94-1,1-I94/E94)-2*參數!$B$7 | N94: -0.033948079 | O94: 0.062075503 | P94: -0.040619678 | Q94: -2662116 | R94: 3986280 | S94: 0.03 | T94: 0 | U94: 0.80943725 | V94: 0.79837618 | W94: 0.080690533 | X94: 0.115794 | Y94: 0.0020387193 | Z94: 0.0062955198 | AA94: 0.03 | AB94: 0.05 | AC94: =(AB94+2*參數!$B$7)/(AA94+AB94)
A95: 94 | B95: PONS_USDT_PERP | C95: 做空 | D95: 46272.958 | E95: 0.7688 | F95: 0.745736 | G95: 0.80724 | H95: 46273 | I95: 0.745736 | J95: 止盈 | K95: =(H95-D95)*24 | L95: =IF(C95="做多",I95/E95-1,1-I95/E95)-2*參數!$B$7 | N95: -0.027696977 | O95: 0.053555206 | P95: -0.038122287 | Q95: -664130 | R95: 9320456.3 | S95: 0.03 | T95: 0 | U95: 1.1200413 | V95: 0.96946565 | W95: 0.0041231478 | X95: 0.08027276 | Y95: 0.0020387193 | Z95: 0.0062955198 | AA95: 0.03 | AB95: 0.05 | AC95: =(AB95+2*參數!$B$7)/(AA95+AB95)
A96: 95 | B96: NEAR_USDT_PERP | C96: 做空 | D96: 46273 | E96: 2.293 | F96: 2.22421 | G96: 2.40765 | H96: 46274 | I96: 2.40765 | J96: 止損 | K96: =(H96-D96)*24 | L96: =IF(C96="做多",I96/E96-1,1-I96/E96)-2*參數!$B$7 | N96: -0.027153161 | O96: 0.023642624 | P96: -0.03835266 | Q96: -145860 | R96: 3276794.5 | S96: 0.022241605 | T96: 0.05 | U96: 0.86074918 | V96: 0.90123457 | W96: -0.046802527 | X96: 0.038574423 | Y96: 0.0048437958 | Z96: 0.010465752 | AA96: 0.03 | AB96: 0.05 | AC96: =(AB96+2*參數!$B$7)/(AA96+AB96)
A97: 96 | B97: TAO_USDT_PERP | C97: 做空 | D97: 46273 | E97: 256.91 | F97: 249.2027 | G97: 269.7555 | H97: 46275.875 | I97: 249.2027 | J97: 止盈 | K97: =(H97-D97)*24 | L97: =IF(C97="做多",I97/E97-1,1-I97/E97)-2*參數!$B$7 | N97: -0.026634841 | O97: 0.020370352 | P97: -0.034381666 | Q97: -8043.29 | R97: 6242053.5 | S97: 0.03 | T97: 0.049783971 | U97: 2.6053936 | V97: 0.73772205 | W97: -0.073094121 | X97: -0.033053199 | Y97: 0.0048437958 | Z97: 0.010465752 | AA97: 0.03 | AB97: 0.05 | AC97: =(AB97+2*參數!$B$7)/(AA97+AB97)
A98: 97 | B98: UNI_USDT_PERP | C98: 做空 | D98: 46273 | E98: 6.779 | F98: 6.57563 | G98: 7.11795 | H98: 46273.417 | I98: 7.11795 | J98: 止損 | K98: =(H98-D98)*24 | L98: =IF(C98="做多",I98/E98-1,1-I98/E98)-2*參數!$B$7 | N98: -0.031017724 | O98: 0.020249594 | P98: -0.040705285 | Q98: -235299 | R98: 5465559.3 | S98: 0.0094409205 | T98: 0.05 | U98: 2.9565808 | V98: 0.96677741 | W98: -0.020351336 | X98: 0.027542677 | Y98: 0.0048437958 | Z98: 0.010465752 | AA98: 0.03 | AB98: 0.05 | AC98: =(AB98+2*參數!$B$7)/(AA98+AB98)
A99: 98 | B99: ZEC_USDT_PERP | C99: 做空 | D99: 46273 | E99: 1146.22 | F99: 1111.8334 | G99: 1203.531 | H99: 46273.292 | I99: 1111.8334 | J99: 止盈 | K99: =(H99-D99)*24 | L99: =IF(C99="做多",I99/E99-1,1-I99/E99)-2*參數!$B$7 | N99: -0.023446419 | O99: 0.021027054 | P99: -0.042407924 | Q99: -451.954 | R99: 30735386 | S99: 0.03 | T99: 0.022753049 | U99: 1.2983878 | V99: 0.866226 | W99: -0.077788006 | X99: 0.018260616 | Y99: 0.0048437958 | Z99: 0.010465752 | AA99: 0.03 | AB99: 0.05 | AC99: =(AB99+2*參數!$B$7)/(AA99+AB99)
A100: 99 | B100: PUMP_USDT_PERP | C100: 做多 | D100: 46273.083 | E100: 0.004388 | F100: 0.00451964 | G100: 0.0041686 | H100: 46273.417 | I100: 0.00451964 | J100: 止盈 | K100: =(H100-D100)*24 | L100: =IF(C100="做多",I100/E100-1,1-I100/E100)-2*參數!$B$7 | N100: 0.031984948 | O100: 0.030479789 | P100: 0.053402312 | Q100: 97252765 | R100: 7545747.5 | S100: 0.03 | T100: 0.025524157 | U100: 1.4451702 | V100: 0.85542169 | W100: 0.056361763 | X100: 0.14718954 | Y100: 0.0020762279 | Z100: -0.004621364 | AA100: 0.03 | AB100: 0.05 | AC100: =(AB100+2*參數!$B$7)/(AA100+AB100)
... A357: 356 | B357: BR_USDT_PERP | C357: 做多 | D357: 46286.833 | E357: 1.19281 | F357: 1.2285943 | G357: 1.1331695 | H357: 46286.917 | I357: 1.2285943 | J357: 止盈 | K357: =(H357-D357)*24 | L357: =IF(C357="做多",I357/E357-1,1-I357/E357)-2*參數!$B$7 | N357: 0.064932862 | O357: 0.06929707 | P357: 0.022316709 | Q357: 673589 | R357: 4725931.3 | S357: 0.03 | T357: 0.02970297 | U357: 1.2343186 | V357: 0.67955556 | W357: 0.25775175 | X357: 0.0041925191 | Y357: 0.0053293776 | Z357: 0.036117752 | AA357: 0.03 | AB357: 0.05 | AC357: =(AB357+2*參數!$B$7)/(AA357+AB357)
A358: 357 | B358: AKE_USDT_PERP | C358: 做多 | D358: 46286.875 | E358: 0.0533389 | F358: 0.054939067 | G358: 0.050671955 | H358: 46286.878 | I358: 0.054939067 | J358: 止盈 | K358: =(H358-D358)*24 | L358: =IF(C358="做多",I358/E358-1,1-I358/E358)-2*參數!$B$7 | M358: 同1h觸發；5分K判定先止盈 | N358: 0.044171683 | O358: 0.15908552 | P358: 0.045696241 | Q358: 95285374 | R358: 16235371 | S358: 0.03 | T358: 0 | U358: 2.5970651 | V358: 0.97871035 | W358: 0.18164034 | X358: 0.00059842047 | Y358: 0.005043023 | Z358: 0.038818562 | AA358: 0.03 | AB358: 0.05 | AC358: =(AB358+2*參數!$B$7)/(AA358+AB358)
A359: 358 | B359: BR_USDT_PERP | C359: 做多 | D359: 46286.958 | E359: 1.21805 | F359: 1.2545915 | G359: 1.1571475 | H359: 46287.167 | I359: 1.1571475 | J359: 止損 | K359: =(H359-D359)*24 | L359: =IF(C359="做多",I359/E359-1,1-I359/E359)-2*參數!$B$7 | N359: 0.023760695 | O359: 0.063885954 | P359: 0.041882737 | Q359: 930525 | R359: 4255805.3 | S359: 0.02150979 | T359: 0.05 | U359: 0.69938327 | V359: 0.80533752 | W359: 0.26101792 | X359: 0.021014602 | Y359: 0.004495187 | Z359: 0.039511736 | AA359: 0.03 | AB359: 0.05 | AC359: =(AB359+2*參數!$B$7)/(AA359+AB359)
A360: 359 | B360: LSK_USDT_PERP | C360: 做空 | D360: 46287 | E360: 0.3723 | F360: 0.361131 | G360: 0.390915 | H360: 46287.333 | I360: 0.361131 | J360: 止盈 | K360: =(H360-D360)*24 | L360: =IF(C360="做多",I360/E360-1,1-I360/E360)-2*參數!$B$7 | N360: -0.028951487 | O360: 0.032912897 | P360: -0.0089970187 | Q360: -696935 | R360: 1652837.6 | S360: 0.03 | T360: 0.011818426 | U360: 0.72393358 | V360: 0.93846154 | W360: 0.10091792 | X360: 0.080740741 | Y360: -0.0008017835 | Z360: -0.037370838 | AA360: 0.03 | AB360: 0.05 | AC360: =(AB360+2*參數!$B$7)/(AA360+AB360)
A361: 360 | B361: VVV_USDT_PERP | C361: 做空 | D361: 46287 | E361: 31.09 | F361: 30.1573 | G361: 32.6445 | H361: 46287.25 | I361: 32.6445 | J361: 止損 | K361: =(H361-D361)*24 | L361: =IF(C361="做多",I361/E361-1,1-I361/E361)-2*參數!$B$7 | N361: -0.024290736 | O361: 0.033642528 | P361: -0.023176389 | Q361: -3473.04 | R361: 3962286.4 | S361: 0.025088453 | T361: 0.05 | U361: 1.1740647 | V361: 0.92716133 | W361: -0.11404383 | X361: -0.066991557 | Y361: -0.0008017835 | Z361: -0.037370838 | AA361: 0.03 | AB361: 0.05 | AC361: =(AB361+2*參數!$B$7)/(AA361+AB361)
A362: 361 | B362: PONS_USDT_PERP | C362: 做空 | D362: 46287.042 | E362: 0.5881 | F362: 0.570457 | G362: 0.617505 | H362: 46287.667 | I362: 0.617505 | J362: 止損 | K362: =(H362-D362)*24 | L362: =IF(C362="做多",I362/E362-1,1-I362/E362)-2*參數!$B$7 | N362: -0.056019262 | O362: 0.032958216 | P362: -0.031487764 | Q362: -249765 | R362: 3253914.3 | S362: 0.018024146 | T362: 0.05 | U362: 1.6419897 | V362: 1 | W362: 0.076194695 | X362: -0.0032412146 | Y362: -0.00038077494 | Z362: -0.034728359 | AA362: 0.03 | AB362: 0.05 | AC362: =(AB362+2*參數!$B$7)/(AA362+AB362)
A363: 362 | B363: 牛来_USDT_PERP | C363: 做空 | D363: 46287.042 | E363: 0.10672 | F363: 0.1035184 | G363: 0.112056 | H363: 46287.083 | I363: 0.1035184 | J363: 止盈 | K363: =(H363-D363)*24 | L363: =IF(C363="做多",I363/E363-1,1-I363/E363)-2*參數!$B$7 | N363: -0.044412607 | O363: 0.042726454 | P363: -0.0053822316 | Q363: -1298855 | R363: 1554786.2 | S363: 0.03 | T363: 0 | U363: 0.69901158 | V363: 0.80325645 | W363: 0.026809253 | X363: -0.066879936 | Y363: -0.00038077494 | Z363: -0.034728359 | AA363: 0.03 | AB363: 0.05 | AC363: =(AB363+2*參數!$B$7)/(AA363+AB363)
A364: 363 | B364: NIL_USDT_PERP | C364: 做空 | D364: 46287.083 | E364: 0.06272 | F364: 0.0608384 | G364: 0.065856 | H364: 46287.167 | I364: 0.065856 | J364: 止損 | K364: =(H364-D364)*24 | L364: =IF(C364="做多",I364/E364-1,1-I364/E364)-2*參數!$B$7 | N364: -0.034928451 | O364: 0.054656661 | P364: -0.033076134 | Q364: -4877092 | R364: 1417465.2 | S364: 0.0025510204 | T364: 0.05 | U364: 0.71246764 | V364: 0.64175258 | W364: -0.23572815 | X364: -0.10871487 | Y364: 0.00065184344 | Z364: -0.030976414 | AA364: 0.03 | AB364: 0.05 | AC364: =(AB364+2*參數!$B$7)/(AA364+AB364)
A365: 364 | B365: SUI_USDT_PERP | C365: 做多 | D365: 46287.167 | E365: 1.0362 | F365: 1.067286 | G365: 0.98439 | H365: 46287.375 | I365: 1.067286 | J365: 止盈 | K365: =(H365-D365)*24 | L365: =IF(C365="做多",I365/E365-1,1-I365/E365)-2*參數!$B$7 | N365: 0.023407407 | O365: 0.027415915 | P365: 0.051541998 | Q365: 4258526.5 | R365: 19490839 | S365: 0.03 | T365: 0.023547578 | U365: 0.79756224 | V365: 0.96369637 | W365: 0.21552665 | X365: 0.17709872 | Y365: 0.0050510687 | Z365: 0.031911829 | AA365: 0.03 | AB365: 0.05 | AC365: =(AB365+2*參數!$B$7)/(AA365+AB365)
A366: 365 | B366: ZAMA_USDT_PERP | C366: 做空 | D366: 46287.167 | E366: 0.09168 | F366: 0.0889296 | G366: 0.096264 | H366: 46287.333 | I366: 0.096264 | J366: 止損 | K366: =(H366-D366)*24 | L366: =IF(C366="做多",I366/E366-1,1-I366/E366)-2*參數!$B$7 | N366: -0.053381518 | O366: 0.059198692 | P366: -0.036833148 | Q366: -1876717 | R366: 2507592.5 | S366: 0.027377836 | T366: 0.05 | U366: 0.68992197 | V366: 0.86550633 | W366: -0.22357137 | X366: -0.034179357 | Y366: -0.0050510687 | Z366: -0.031911829 | AA366: 0.03 | AB366: 0.05 | AC366: =(AB366+2*參數!$B$7)/(AA366+AB366)
A367: 366 | B367: ARB_USDT_PERP | C367: 做空 | D367: 46287.208 | E367: 0.2221 | F367: 0.215437 | G367: 0.233205 | H367: 46287.792 | I367: 0.215437 | J367: 止盈 | K367: =(H367-D367)*24 | L367: =IF(C367="做多",I367/E367-1,1-I367/E367)-2*參數!$B$7 | N367: -0.025021949 | O367: 0.032886045 | P367: -0.0089245872 | Q367: -4450142.2 | R367: 4543852.5 | S367: 0.03 | T367: 0.036019811 | U367: 1.0665785 | V367: 0.86567164 | W367: -0.049656652 | X367: -0.0441937 | Y367: -0.0059220944 | Z367: -0.03469562 | AA367: 0.03 | AB367: 0.05 | AC367: =(AB367+2*參數!$B$7)/(AA367+AB367)
A368: 367 | B368: NEAR_USDT_PERP | C368: 做空 | D368: 46287.208 | E368: 4.073 | F368: 3.95081 | G368: 4.27665 | H368: 46287.292 | I368: 4.27665 | J368: 止損 | K368: =(H368-D368)*24 | L368: =IF(C368="做多",I368/E368-1,1-I368/E368)-2*參數!$B$7 | N368: -0.020913462 | O368: 0.031490651 | P368: -0.027389737 | Q368: -939130 | R368: 20743562 | S368: 0.0014731156 | T368: 0.05 | U368: 2.3123757 | V368: 0.63120567 | W368: -0.091883922 | X368: 0.022558195 | Y368: -0.0059220944 | Z368: -0.03469562 | AA368: 0.03 | AB368: 0.05 | AC368: =(AB368+2*參數!$B$7)/(AA368+AB368)
A369: 368 | B369: WLD_USDT_PERP | C369: 做多 | D369: 46287.208 | E369: 0.4636 | F369: 0.477508 | G369: 0.44042 | H369: 46288.375 | I369: 0.477508 | J369: 止盈 | K369: =(H369-D369)*24 | L369: =IF(C369="做多",I369/E369-1,1-I369/E369)-2*參數!$B$7 | N369: 0.055555556 | O369: 0.022740308 | P369: 0.04432055 | Q369: 136211 | R369: 1329302.5 | S369: 0.03 | T369: 0.048748921 | U369: 4.103758 | V369: 0.88808664 | W369: 0.085279666 | X369: 0.057481752 | Y369: 0.0059220944 | Z369: 0.03469562 | AA369: 0.03 | AB369: 0.05 | AC369: =(AB369+2*參數!$B$7)/(AA369+AB369)
A370: 369 | B370: BTW_USDT_PERP | C370: 做多 | D370: 46287.25 | E370: 0.873247 | F370: 0.89944441 | G370: 0.82958465 | H370: 46287.292 | I370: 0.82958465 | J370: 止損 | K370: =(H370-D370)*24 | L370: =IF(C370="做多",I370/E370-1,1-I370/E370)-2*參數!$B$7 | N370: 0.043678686 | O370: 0.070772764 | P370: 0.032193557 | Q370: 485310 | R370: 1339641.4 | S370: 0 | T370: 0.05 | U370: 1.1844755 | V370: 0.53538719 | W370: 0.25688426 | X370: 0.14727019 | Y370: -0.0048730624 | Z370: 0.026247095 | AA370: 0.03 | AB370: 0.05 | AC370: =(AB370+2*參數!$B$7)/(AA370+AB370)
...

Sheet 幣種統計
A1: 交易對 | B1: 總筆數 | C1: 做多 | D1: 做空 | E1: 已平倉 | F1: 止盈 | G1: 止損 | H1: 勝率 | I1: 平均報酬/筆 | J1: 累計報酬 | K1: 平均持倉h | L1: 未平倉
A2: PONS_USDT_PERP | B2: =COUNTIFS(交易明細!$B$2:$B$509,$A2) | C2: =COUNTIFS(交易明細!$B$2:$B$509,$A2,交易明細!$C$2:$C$509,"做多") | D2: =COUNTIFS(交易明細!$B$2:$B$509,$A2,交易明細!$C$2:$C$509,"做空") | E2: =F2+G2+COUNTIFS(交易明細!$B$2:$B$509,$A2,交易明細!$J$2:$J$509,"時間出場") | F2: =COUNTIFS(交易明細!$B$2:$B$509,$A2,交易明細!$J$2:$J$509,"止盈") | G2: =COUNTIFS(交易明細!$B$2:$B$509,$A2,交易明細!$J$2:$J$509,"止損") | H2: =IFERROR(F2/E2,0) | I2: =IFERROR(AVERAGEIFS(交易明細!$L$2:$L$509,交易明細!$B$2:$B$509,$A2,交易明細!$J$2:$J$509,"<>未平倉"),0) | J2: =SUMIFS(交易明細!$L$2:$L$509,交易明細!$B$2:$B$509,$A2,交易明細!$J$2:$J$509,"<>未平倉") | K2: =IFERROR(AVERAGEIFS(交易明細!$K$2:$K$509,交易明細!$B$2:$B$509,$A2,交易明細!$J$2:$J$509,"<>未平倉"),0) | L2: =COUNTIFS(交易明細!$B$2:$B$509,$A2,交易明細!$J$2:$J$509,"未平倉")
A3: USELESS_USDT_PERP | B3: =COUNTIFS(交易明細!$B$2:$B$509,$A3) | C3: =COUNTIFS(交易明細!$B$2:$B$509,$A3,交易明細!$C$2:$C$509,"做多") | D3: =COUNTIFS(交易明細!$B$2:$B$509,$A3,交易明細!$C$2:$C$509,"做空") | E3: =F3+G3+COUNTIFS(交易明細!$B$2:$B$509,$A3,交易明細!$J$2:$J$509,"時間出場") | F3: =COUNTIFS(交易明細!$B$2:$B$509,$A3,交易明細!$J$2:$J$509,"止盈") | G3: =COUNTIFS(交易明細!$B$2:$B$509,$A3,交易明細!$J$2:$J$509,"止損") | H3: =IFERROR(F3/E3,0) | I3: =IFERROR(AVERAGEIFS(交易明細!$L$2:$L$509,交易明細!$B$2:$B$509,$A3,交易明細!$J$2:$J$509,"<>未平倉"),0) | J3: =SUMIFS(交易明細!$L$2:$L$509,交易明細!$B$2:$B$509,$A3,交易明細!$J$2:$J$509,"<>未平倉") | K3: =IFERROR(AVERAGEIFS(交易明細!$K$2:$K$509,交易明細!$B$2:$B$509,$A3,交易明細!$J$2:$J$509,"<>未平倉"),0) | L3: =COUNTIFS(交易明細!$B$2:$B$509,$A3,交易明細!$J$2:$J$509,"未平倉")
A4: PUMP_USDT_PERP | B4: =COUNTIFS(交易明細!$B$2:$B$509,$A4) | C4: =COUNTIFS(交易明細!$B$2:$B$509,$A4,交易明細!$C$2:$C$509,"做多") | D4: =COUNTIFS(交易明細!$B$2:$B$509,$A4,交易明細!$C$2:$C$509,"做空") | E4: =F4+G4+COUNTIFS(交易明細!$B$2:$B$509,$A4,交易明細!$J$2:$J$509,"時間出場") | F4: =COUNTIFS(交易明細!$B$2:$B$509,$A4,交易明細!$J$2:$J$509,"止盈") | G4: =COUNTIFS(交易明細!$B$2:$B$509,$A4,交易明細!$J$2:$J$509,"止損") | H4: =IFERROR(F4/E4,0) | I4: =IFERROR(AVERAGEIFS(交易明細!$L$2:$L$509,交易明細!$B$2:$B$509,$A4,交易明細!$J$2:$J$509,"<>未平倉"),0) | J4: =SUMIFS(交易明細!$L$2:$L$509,交易明細!$B$2:$B$509,$A4,交易明細!$J$2:$J$509,"<>未平倉") | K4: =IFERROR(AVERAGEIFS(交易明細!$K$2:$K$509,交易明細!$B$2:$B$509,$A4,交易明細!$J$2:$J$509,"<>未平倉"),0) | L4: =COUNTIFS(交易明細!$B$2:$B$509,$A4,交易明細!$J$2:$J$509,"未平倉")
A5: AKE_USDT_PERP | B5: =COUNTIFS(交易明細!$B$2:$B$509,$A5) | C5: =COUNTIFS(交易明細!$B$2:$B$509,$A5,交易明細!$C$2:$C$509,"做多") | D5: =COUNTIFS(交易明細!$B$2:$B$509,$A5,交易明細!$C$2:$C$509,"做空") | E5: =F5+G5+COUNTIFS(交易明細!$B$2:$B$509,$A5,交易明細!$J$2:$J$509,"時間出場") | F5: =COUNTIFS(交易明細!$B$2:$B$509,$A5,交易明細!$J$2:$J$509,"止盈") | G5: =COUNTIFS(交易明細!$B$2:$B$509,$A5,交易明細!$J$2:$J$509,"止損") | H5: =IFERROR(F5/E5,0) | I5: =IFERROR(AVERAGEIFS(交易明細!$L$2:$L$509,交易明細!$B$2:$B$509,$A5,交易明細!$J$2:$J$509,"<>未平倉"),0) | J5: =SUMIFS(交易明細!$L$2:$L$509,交易明細!$B$2:$B$509,$A5,交易明細!$J$2:$J$509,"<>未平倉") | K5: =IFERROR(AVERAGEIFS(交易明細!$K$2:$K$509,交易明細!$B$2:$B$509,$A5,交易明細!$J$2:$J$509,"<>未平倉"),0) | L5: =COUNTIFS(交易明細!$B$2:$B$509,$A5,交易明細!$J$2:$J$509,"未平倉")
A6: LIT_USDT_PERP | B6: =COUNTIFS(交易明細!$B$2:$B$509,$A6) | C6: =COUNTIFS(交易明細!$B$2:$B$509,$A6,交易明細!$C$2:$C$509,"做多") | D6: =COUNTIFS(交易明細!$B$2:$B$509,$A6,交易明細!$C$2:$C$509,"做空") | E6: =F6+G6+COUNTIFS(交易明細!$B$2:$B$509,$A6,交易明細!$J$2:$J$509,"時間出場") | F6: =COUNTIFS(交易明細!$B$2:$B$509,$A6,交易明細!$J$2:$J$509,"止盈") | G6: =COUNTIFS(交易明細!$B$2:$B$509,$A6,交易明細!$J$2:$J$509,"止損") | H6: =IFERROR(F6/E6,0) | I6: =IFERROR(AVERAGEIFS(交易明細!$L$2:$L$509,交易明細!$B$2:$B$509,$A6,交易明細!$J$2:$J$509,"<>未平倉"),0) | J6: =SUMIFS(交易明細!$L$2:$L$509,交易明細!$B$2:$B$509,$A6,交易明細!$J$2:$J$509,"<>未平倉") | K6: =IFERROR(AVERAGEIFS(交易明細!$K$2:$K$509,交易明細!$B$2:$B$509,$A6,交易明細!$J$2:$J$509,"<>未平倉"),0) | L6: =COUNTIFS(交易明細!$B$2:$B$509,$A6,交易明細!$J$2:$J$509,"未平倉")
A7: NEAR_USDT_PERP | B7: =COUNTIFS(交易明細!$B$2:$B$509,$A7) | C7: =COUNTIFS(交易明細!$B$2:$B$509,$A7,交易明細!$C$2:$C$509,"做多") | D7: =COUNTIFS(交易明細!$B$2:$B$509,$A7,交易明細!$C$2:$C$509,"做空") | E7: =F7+G7+COUNTIFS(交易明細!$B$2:$B$509,$A7,交易明細!$J$2:$J$509,"時間出場") | F7: =COUNTIFS(交易明細!$B$2:$B$509,$A7,交易明細!$J$2:$J$509,"止盈") | G7: =COUNTIFS(交易明細!$B$2:$B$509,$A7,交易明細!$J$2:$J$509,"止損") | H7: =IFERROR(F7/E7,0) | I7: =IFERROR(AVERAGEIFS(交易明細!$L$2:$L$509,交易明細!$B$2:$B$509,$A7,交易明細!$J$2:$J$509,"<>未平倉"),0) | J7: =SUMIFS(交易明細!$L$2:$L$509,交易明細!$B$2:$B$509,$A7,交易明細!$J$2:$J$509,"<>未平倉") | K7: =IFERROR(AVERAGEIFS(交易明細!$K$2:$K$509,交易明細!$B$2:$B$509,$A7,交易明細!$J$2:$J$509,"<>未平倉"),0) | L7: =COUNTIFS(交易明細!$B$2:$B$509,$A7,交易明細!$J$2:$J$509,"未平倉")
A8: 牛来_USDT_PERP | B8: =COUNTIFS(交易明細!$B$2:$B$509,$A8) | C8: =COUNTIFS(交易明細!$B$2:$B$509,$A8,交易明細!$C$2:$C$509,"做多") | D8: =COUNTIFS(交易明細!$B$2:$B$509,$A8,交易明細!$C$2:$C$509,"做空") | E8: =F8+G8+COUNTIFS(交易明細!$B$2:$B$509,$A8,交易明細!$J$2:$J$509,"時間出場") | F8: =COUNTIFS(交易明細!$B$2:$B$509,$A8,交易明細!$J$2:$J$509,"止盈") | G8: =COUNTIFS(交易明細!$B$2:$B$509,$A8,交易明細!$J$2:$J$509,"止損") | H8: =IFERROR(F8/E8,0) | I8: =IFERROR(AVERAGEIFS(交易明細!$L$2:$L$509,交易明細!$B$2:$B$509,$A8,交易明細!$J$2:$J$509,"<>未平倉"),0) | J8: =SUMIFS(交易明細!$L$2:$L$509,交易明細!$B$2:$B$509,$A8,交易明細!$J$2:$J$509,"<>未平倉") | K8: =IFERROR(AVERAGEIFS(交易明細!$K$2:$K$509,交易明細!$B$2:$B$509,$A8,交易明細!$J$2:$J$509,"<>未平倉"),0) | L8: =COUNTIFS(交易明細!$B$2:$B$509,$A8,交易明細!$J$2:$J$509,"未平倉")
A9: MARSCOIN_USDT_PERP | B9: =COUNTIFS(交易明細!$B$2:$B$509,$A9) | C9: =COUNTIFS(交易明細!$B$2:$B$509,$A9,交易明細!$C$2:$C$509,"做多") | D9: =COUNTIFS(交易明細!$B$2:$B$509,$A9,交易明細!$C$2:$C$509,"做空") | E9: =F9+G9+COUNTIFS(交易明細!$B$2:$B$509,$A9,交易明細!$J$2:$J$509,"時間出場") | F9: =COUNTIFS(交易明細!$B$2:$B$509,$A9,交易明細!$J$2:$J$509,"止盈") | G9: =COUNTIFS(交易明細!$B$2:$B$509,$A9,交易明細!$J$2:$J$509,"止損") | H9: =IFERROR(F9/E9,0) | I9: =IFERROR(AVERAGEIFS(交易明細!$L$2:$L$509,交易明細!$B$2:$B$509,$A9,交易明細!$J$2:$J$509,"<>未平倉"),0) | J9: =SUMIFS(交易明細!$L$2:$L$509,交易明細!$B$2:$B$509,$A9,交易明細!$J$2:$J$509,"<>未平倉") | K9: =IFERROR(AVERAGEIFS(交易明細!$K$2:$K$509,交易明細!$B$2:$B$509,$A9,交易明細!$J$2:$J$509,"<>未平倉"),0) | L9: =COUNTIFS(交易明細!$B$2:$B$509,$A9,交易明細!$J$2:$J$509,"未平倉")
A10: ARB_USDT_PERP | B10: =COUNTIFS(交易明細!$B$2:$B$509,$A10) | C10: =COUNTIFS(交易明細!$B$2:$B$509,$A10,交易明細!$C$2:$C$509,"做多") | D10: =COUNTIFS(交易明細!$B$2:$B$509,$A10,交易明細!$C$2:$C$509,"做空") | E10: =F10+G10+COUNTIFS(交易明細!$B$2:$B$509,$A10,交易明細!$J$2:$J$509,"時間出場") | F10: =COUNTIFS(交易明細!$B$2:$B$509,$A10,交易明細!$J$2:$J$509,"止盈") | G10: =COUNTIFS(交易明細!$B$2:$B$509,$A10,交易明細!$J$2:$J$509,"止損") | H10: =IFERROR(F10/E10,0) | I10: =IFERROR(AVERAGEIFS(交易明細!$L$2:$L$509,交易明細!$B$2:$B$509,$A10,交易明細!$J$2:$J$509,"<>未平倉"),0) | J10: =SUMIFS(交易明細!$L$2:$L$509,交易明細!$B$2:$B$509,$A10,交易明細!$J$2:$J$509,"<>未平倉") | K10: =IFERROR(AVERAGEIFS(交易明細!$K$2:$K$509,交易明細!$B$2:$B$509,$A10,交易明細!$J$2:$J$509,"<>未平倉"),0) | L10: =COUNTIFS(交易明細!$B$2:$B$509,$A10,交易明細!$J$2:$J$509,"未平倉")
A11: ENA_USDT_PERP | B11: =COUNTIFS(交易明細!$B$2:$B$509,$A11) | C11: =COUNTIFS(交易明細!$B$2:$B$509,$A11,交易明細!$C$2:$C$509,"做多") | D11: =COUNTIFS(交易明細!$B$2:$B$509,$A11,交易明細!$C$2:$C$509,"做空") | E11: =F11+G11+COUNTIFS(交易明細!$B$2:$B$509,$A11,交易明細!$J$2:$J$509,"時間出場") | F11: =COUNTIFS(交易明細!$B$2:$B$509,$A11,交易明細!$J$2:$J$509,"止盈") | G11: =COUNTIFS(交易明細!$B$2:$B$509,$A11,交易明細!$J$2:$J$509,"止損") | H11: =IFERROR(F11/E11,0) | I11: =IFERROR(AVERAGEIFS(交易明細!$L$2:$L$509,交易明細!$B$2:$B$509,$A11,交易明細!$J$2:$J$509,"<>未平倉"),0) | J11: =SUMIFS(交易明細!$L$2:$L$509,交易明細!$B$2:$B$509,$A11,交易明細!$J$2:$J$509,"<>未平倉") | K11: =IFERROR(AVERAGEIFS(交易明細!$K$2:$K$509,交易明細!$B$2:$B$509,$A11,交易明細!$J$2:$J$509,"<>未平倉"),0) | L11: =COUNTIFS(交易明細!$B$2:$B$509,$A11,交易明細!$J$2:$J$509,"未平倉")
A12: UNI_USDT_PERP | B12: =COUNTIFS(交易明細!$B$2:$B$509,$A12) | C12: =COUNTIFS(交易明細!$B$2:$B$509,$A12,交易明細!$C$2:$C$509,"做多") | D12: =COUNTIFS(交易明細!$B$2:$B$509,$A12,交易明細!$C$2:$C$509,"做空") | E12: =F12+G12+COUNTIFS(交易明細!$B$2:$B$509,$A12,交易明細!$J$2:$J$509,"時間出場") | F12: =COUNTIFS(交易明細!$B$2:$B$509,$A12,交易明細!$J$2:$J$509,"止盈") | G12: =COUNTIFS(交易明細!$B$2:$B$509,$A12,交易明細!$J$2:$J$509,"止損") | H12: =IFERROR(F12/E12,0) | I12: =IFERROR(AVERAGEIFS(交易明細!$L$2:$L$509,交易明細!$B$2:$B$509,$A12,交易明細!$J$2:$J$509,"<>未平倉"),0) | J12: =SUMIFS(交易明細!$L$2:$L$509,交易明細!$B$2:$B$509,$A12,交易明細!$J$2:$J$509,"<>未平倉") | K12: =IFERROR(AVERAGEIFS(交易明細!$K$2:$K$509,交易明細!$B$2:$B$509,$A12,交易明細!$J$2:$J$509,"<>未平倉"),0) | L12: =COUNTIFS(交易明細!$B$2:$B$509,$A12,交易明細!$J$2:$J$509,"未平倉")
A13: VVV_USDT_PERP | B13: =COUNTIFS(交易明細!$B$2:$B$509,$A13) | C13: =COUNTIFS(交易明細!$B$2:$B$509,$A13,交易明細!$C$2:$C$509,"做多") | D13: =COUNTIFS(交易明細!$B$2:$B$509,$A13,交易明細!$C$2:$C$509,"做空") | E13: =F13+G13+COUNTIFS(交易明細!$B$2:$B$509,$A13,交易明細!$J$2:$J$509,"時間出場") | F13: =COUNTIFS(交易明細!$B$2:$B$509,$A13,交易明細!$J$2:$J$509,"止盈") | G13: =COUNTIFS(交易明細!$B$2:$B$509,$A13,交易明細!$J$2:$J$509,"止損") | H13: =IFERROR(F13/E13,0) | I13: =IFERROR(AVERAGEIFS(交易明細!$L$2:$L$509,交易明細!$B$2:$B$509,$A13,交易明細!$J$2:$J$509,"<>未平倉"),0) | J13: =SUMIFS(交易明細!$L$2:$L$509,交易明細!$B$2:$B$509,$A13,交易明細!$J$2:$J$509,"<>未平倉") | K13: =IFERROR(AVERAGEIFS(交易明細!$K$2:$K$509,交易明細!$B$2:$B$509,$A13,交易明細!$J$2:$J$509,"<>未平倉"),0) | L13: =COUNTIFS(交易明細!$B$2:$B$509,$A13,交易明細!$J$2:$J$509,"未平倉")
... A89: SAGA_USDT_PERP | B89: =COUNTIFS(交易明細!$B$2:$B$509,$A89) | C89: =COUNTIFS(交易明細!$B$2:$B$509,$A89,交易明細!$C$2:$C$509,"做多") | D89: =COUNTIFS(交易明細!$B$2:$B$509,$A89,交易明細!$C$2:$C$509,"做空") | E89: =F89+G89+COUNTIFS(交易明細!$B$2:$B$509,$A89,交易明細!$J$2:$J$509,"時間出場") | F89: =COUNTIFS(交易明細!$B$2:$B$509,$A89,交易明細!$J$2:$J$509,"止盈") | G89: =COUNTIFS(交易明細!$B$2:$B$509,$A89,交易明細!$J$2:$J$509,"止損") | H89: =IFERROR(F89/E89,0) | I89: =IFERROR(AVERAGEIFS(交易明細!$L$2:$L$509,交易明細!$B$2:$B$509,$A89,交易明細!$J$2:$J$509,"<>未平倉"),0) | J89: =SUMIFS(交易明細!$L$2:$L$509,交易明細!$B$2:$B$509,$A89,交易明細!$J$2:$J$509,"<>未平倉") | K89: =IFERROR(AVERAGEIFS(交易明細!$K$2:$K$509,交易明細!$B$2:$B$509,$A89,交易明細!$J$2:$J$509,"<>未平倉"),0) | L89: =COUNTIFS(交易明細!$B$2:$B$509,$A89,交易明細!$J$2:$J$509,"未平倉")

Sheet 掃描清單
A1: 交易對 | B1: 狀態 | C1: 原因/備註 | D1: K棒數 | E1: 期間最低價 | F1: 期間最高價 | G1: 訊號數(多) | H1: 訊號數(空)
A2: 0G_USDT_PERP | B2: 已掃描
A3: 1INCH_USDT_PERP | B3: 已掃描
A4: 2Z_USDT_PERP | B4: 已掃描
A5: 4_USDT_PERP | B5: 已掃描
A6: AAVE_USDT_PERP | B6: 已掃描
A7: AAX_USDT_PERP | B7: 已掃描
A8: ACE_USDT_PERP | B8: 已掃描
A9: ACH_USDT_PERP | B9: 已掃描
A10: ACT_USDT_PERP | B10: 已掃描
A11: ADA_USDT_PERP | B11: 已掃描
A12: AERO_USDT_PERP | B12: 已掃描
A13: AEVO_USDT_PERP | B13: 已掃描
... A20: AIXBT_USDT_PERP | B20: 已掃描
A21: AKE_USDT_PERP | B21: 已掃描 | C21: 持倉中
A22: AKT_USDT_PERP | B22: 已掃描
A23: ALCH_USDT_PERP | B23: 已掃描
A24: ALGO_USDT_PERP | B24: 已掃描
A25: ALLO_USDT_PERP | B25: 已掃描
A26: ALL_USDT_PERP | B26: 已掃描
A27: ALT_USDT_PERP | B27: 已掃描
A28: ANIME_USDT_PERP | B28: 已掃描
A29: ANTHROPIC_USDT_PERP | B29: 已掃描
A30: APE_USDT_PERP | B30: 已掃描
A31: API3_USDT_PERP | B31: 已掃描
A32: APR_USDT_PERP | B32: 已掃描
A33: APT_USDT_PERP | B33: 已掃描
... A89: BTR_USDT_PERP | B89: 已掃描
A90: BTW_USDT_PERP | B90: 已掃描 | C90: 持倉中
A91: BULLA_USDT_PERP | B91: 已掃描
A92: B_USDT_PERP | B92: 已掃描
A93: CAKE_USDT_PERP | B93: 已掃描
A94: CAP_USDT_PERP | B94: 已掃描
A95: CASHCAT_USDT_PERP | B95: 已掃描
A96: CATI_USDT_PERP | B96: 已掃描
A97: CBRS_USDT_PERP | B97: 已掃描
A98: CC_USDT_PERP | B98: 已掃描
A99: CETUS_USDT_PERP | B99: 已掃描
A100: CFG_USDT_PERP | B100: 已掃描
A101: CFX_USDT_PERP | B101: 已掃描
A102: CF_USDT_PERP | B102: 已掃描
... A254: NAORIS_USDT_PERP | B254: 已掃描
A255: NEAR_USDT_PERP | B255: 已掃描 | C255: 持倉中
A256: NEIRO_USDT_PERP | B256: 已掃描
A257: NEO_USDT_PERP | B257: 已掃描
A258: NIGHT_USDT_PERP | B258: 已掃描
A259: NIL_USDT_PERP | B259: 已掃描
A260: NMR_USDT_PERP | B260: 已掃描
A261: NOM_USDT_PERP | B261: 已掃描
A262: NOT_USDT_PERP | B262: 已掃描
A263: NXPC_USDT_PERP | B263: 已掃描
A264: OFC_USDT_PERP | B264: 已掃描
A265: OGN_USDT_PERP | B265: 已掃描
A266: OG_USDT_PERP | B266: 已掃描
A267: OKB_USDT_PERP | B267: 已掃描
... A396: UP_USDT_PERP | B396: 已掃描
A397: USELESS_USDT_PERP | B397: 已掃描 | C397: 持倉中
A398: USTC_USDT_PERP | B398: 已掃描
A399: USUAL_USDT_PERP | B399: 已掃描
A400: US_USDT_PERP | B400: 已掃描
A401: VELODROME_USDT_PERP | B401: 已掃描
A402: VET_USDT_PERP | B402: 已掃描
A403: VIRTUAL_USDT_PERP | B403: 已掃描
A404: VVV_USDT_PERP | B404: 已掃描
A405: WAL_USDT_PERP | B405: 已掃描
A406: WCT_USDT_PERP | B406: 已掃描
A407: WIF_USDT_PERP | B407: 已掃描
A408: WLD_USDT_PERP | B408: 已掃描
A409: WLFI_USDT_PERP | B409: 已掃描
... A444: 牛来_USDT_PERP | B444: 已掃描
